Assay_Type	AssemblyName	AvgSpotLen	BioProject	BioSample	BioSampleModel	Center_Name	DATASTORE_filetype	DATASTORE_provider	DATASTORE_region	ENA_FIRST_PUBLIC	Experiment	InsertSize	Instrument	LibraryLayout	LibrarySelection	LibrarySource	Library_Name	LoadDate	MBases	MBytes	Organism	Platform	ReleaseDate	Run	SRA_Sample	SRA_Study	Sample_Name	growth_condition	growth_condition_time_of_isolation	source_name	strain	tissue	Consent
AMPLICON		536	PRJNA257112	SAMN02597882		SEOUL NATIONAL UNIVERSITY	sff sra	gs s3 sra-sos	gs.US s3.us-east-1 sra-sos.be-md sra-sos.st-va		SRX666706	0	454 GS Junior	SINGLE	PCR	METAGENOMIC		2014-09-05	1	4	human lung metagenome	LS454	2015-09-03	SRR1533116	SRS671396	SRP045119	RH6						public
RNA-Seq	GCF_000002285.3	237	PRJNA338147	SAMN05468144	Model organism or animal	CLEMSON UNIVERSITY	bam sra	gs s3 sra-sos	gs.US s3.us-east-1 sra-sos.be-md sra-sos.st-va		SRX2007416	0	Illumina HiSeq 2500	PAIRED	unspecified	TRANSCRIPTOMIC	SSH037_RNAS_LIB	2016-08-25	9690	2116	Canis lupus familiaris	ILLUMINA	2017-09-30	SRR4011156	SRS1606192	SRP081080	SSH037_RNAS					skin	public
WGS	GCF_000002285.3	243	PRJNA338147	SAMN05468142	Model organism or animal	CLEMSON UNIVERSITY	bam sra	gs s3 sra-sos	gs.US s3.us-east-1 sra-sos.be-md sra-sos.st-va		SRX2007414	0	Illumina HiSeq 2500	PAIRED	unspecified	GENOMIC	SSH086_WGS_LIB	2016-08-25	118099	20913	Canis lupus familiaris	ILLUMINA	2017-09-30	SRR4011154	SRS1606193	SRP081080	SSH086_WGS					blood	public
WGS	GCF_000002285.3	244	PRJNA338147	SAMN05468143	Model organism or animal	CLEMSON UNIVERSITY	bam sra	gs s3 sra-sos	gs.US s3.us-east-1 sra-sos.be-md sra-sos.st-va		SRX2007415	0	Illumina HiSeq 2500	PAIRED	unspecified	GENOMIC	GSD804_WGS_LIB	2016-08-25	87481	13683	Canis lupus familiaris	ILLUMINA	2017-09-30	SRR4011155	SRS1606194	SRP081080	GSD804_WGS					blood	public
RNA-Seq	GCF_000002285.3	238	PRJNA338147	SAMN05468145	Model organism or animal	CLEMSON UNIVERSITY	bam sra	gs s3 sra-sos	gs.US s3.us-east-1 sra-sos.be-md sra-sos.st-va		SRX2007417	0	Illumina HiSeq 2500	PAIRED	unspecified	TRANSCRIPTOMIC	COL033_RNAS_LIB	2016-08-25	11950	2555	Canis lupus familiaris	ILLUMINA	2017-09-30	SRR4011157	SRS1606195	SRP081080	COL033_RNAS					skin	public
WGS		292	PRJNA335406	SAMN05504870	Microbe, viral or environmental	ONTARIO VETERINARY COLLEGE, UNIVERSITY OF GUELPH	contigs fastq sra	gs ncbi s3 sra-sos	gs.US s3.us-east-1 sra-sos.be-md sra-sos.st-va		SRX2500323	0	Illumina MiSeq	PAIRED	RANDOM	GENOMIC	FPG10-4_S3_L001	2017-01-18	217	151	Flavobacterium psychrophilum	ILLUMINA	2017-01-23	SRR5184286	SRS1926926	SRP096959	FPG10				FPG10		public
RNA-Seq		236	PRJNA338147	SAMN06244669	Model organism or animal	CLEMSON UNIVERSITY	fastq sra	gs s3 sra-sos	gs.US s3.us-east-1 sra-sos.be-md sra-sos.st-va		SRX2506415	0	Illumina HiSeq 2500	PAIRED	unspecified	TRANSCRIPTOMIC	AUS001_RNAS_LIB	2017-02-16	10347	3563	Canis lupus familiaris	ILLUMINA	2017-09-30	SRR5190658	SRS1930673	SRP081080	AUS001_RNAS					skin	public
WGS	GCF_000002285.3	188	PRJNA338147	SAMN06244668	Model organism or animal	CLEMSON UNIVERSITY	bam sra	gs s3 sra-sos	gs.US s3.us-east-1 sra-sos.be-md sra-sos.st-va		SRX2506416	0	Illumina HiSeq 2500	PAIRED	unspecified	GENOMIC	COL104_WGS_LIB	2017-02-23	41572	22831	Canis lupus familiaris	ILLUMINA	2017-09-30	SRR5190659	SRS1930674	SRP081080	COL104_WGS					blood	public
WGS	GCF_000002285.3	180	PRJNA338147	SAMN06244667	Model organism or animal	CLEMSON UNIVERSITY	bam sra	gs s3 sra-sos	gs.US s3.us-east-1 sra-sos.be-md sra-sos.st-va		SRX2506417	0	Illumina HiSeq 2500	PAIRED	unspecified	GENOMIC	COL102_WGS_LIB	2017-02-22	59053	36541	Canis lupus familiaris	ILLUMINA	2017-09-30	SRR5190660	SRS1930675	SRP081080	COL102_WGS					blood	public
WGS	GCF_000002285.3	193	PRJNA338147	SAMN06244666	Model organism or animal	CLEMSON UNIVERSITY	bam sra	gs s3 sra-sos	gs.US s3.us-east-1 sra-sos.be-md sra-sos.st-va		SRX2506418	0	Illumina HiSeq 2500	PAIRED	unspecified	GENOMIC	COL010_WGS_LIB	2017-02-10	51193	25165	Canis lupus familiaris	ILLUMINA	2017-09-30	SRR5190661	SRS1930676	SRP081080	COL010_WGS					blood	public
WGS	GCF_000002285.3	185	PRJNA338147	SAMN06244665	Model organism or animal	CLEMSON UNIVERSITY	bam sra	gs s3 sra-sos	gs.US s3.us-east-1 sra-sos.be-md sra-sos.st-va		SRX2506419	0	Illumina HiSeq 2500	PAIRED	unspecified	GENOMIC	COL008_WGS_LIB	2017-02-10	56460	31923	Canis lupus familiaris	ILLUMINA	2017-09-30	SRR5190662	SRS1930677	SRP081080	COL008_WGS					blood	public
WGS	GCF_000002285.3	183	PRJNA338147	SAMN06244664	Model organism or animal	CLEMSON UNIVERSITY	bam sra	gs s3 sra-sos	gs.US s3.us-east-1 sra-sos.be-md sra-sos.st-va		SRX2506420	0	Illumina HiSeq 2500	PAIRED	unspecified	GENOMIC	COL006_WGS_LIB	2017-02-10	57764	34880	Canis lupus familiaris	ILLUMINA	2017-09-30	SRR5190663	SRS1930678	SRP081080	COL006_WGS					blood	public
RNA-Seq		200	PRJNA396770	SAMN07436296		GEO	fastq sra	gs s3 sra-sos	gs.US s3.us-east-1 sra-sos.be-md sra-sos.st-va		SRX3054314	0	Illumina HiSeq 2500	PAIRED	cDNA	TRANSCRIPTOMIC		2017-08-01	5275	3574	Homo sapiens	ILLUMINA	2017-08-03	SRR5888460	SRS2400501	SRP114567	GSM2728778			Skeletal Muscle Biopsy			public
RNA-Seq		200	PRJNA396770	SAMN07436297		GEO	fastq sra	gs s3 sra-sos	gs.US s3.us-east-1 sra-sos.be-md sra-sos.st-va		SRX3054313	0	Illumina HiSeq 2500	PAIRED	cDNA	TRANSCRIPTOMIC		2017-08-01	6807	4625	Homo sapiens	ILLUMINA	2017-08-03	SRR5888459	SRS2400502	SRP114567	GSM2728777			Skeletal Muscle Biopsy			public
RNA-Seq		200	PRJNA396770	SAMN07436298		GEO	fastq sra	gs s3 sra-sos	gs.US s3.us-east-1 sra-sos.be-md sra-sos.st-va		SRX3054312	0	Illumina HiSeq 2500	PAIRED	cDNA	TRANSCRIPTOMIC		2017-08-01	956	653	Homo sapiens	ILLUMINA	2017-08-03	SRR5888458	SRS2400503	SRP114567	GSM2728776			Skeletal Muscle Biopsy			public
RNA-Seq		200	PRJNA396770	SAMN07436299		GEO	fastq sra	gs s3 sra-sos	gs.US s3.us-east-1 sra-sos.be-md sra-sos.st-va		SRX3054311	0	Illumina HiSeq 2500	PAIRED	cDNA	TRANSCRIPTOMIC		2017-08-01	6715	4559	Homo sapiens	ILLUMINA	2017-08-03	SRR5888457	SRS2400504	SRP114567	GSM2728775			Skeletal Muscle Biopsy			public
RNA-Seq		200	PRJNA396770	SAMN07436300		GEO	fastq sra	gs s3 sra-sos	gs.US s3.us-east-1 sra-sos.be-md sra-sos.st-va		SRX3054310	0	Illumina HiSeq 2500	PAIRED	cDNA	TRANSCRIPTOMIC		2017-08-01	6444	4385	Homo sapiens	ILLUMINA	2017-08-03	SRR5888456	SRS2400505	SRP114567	GSM2728774			Skeletal Muscle Biopsy			public
RNA-Seq		200	PRJNA396770	SAMN07436301		GEO	fastq sra	gs s3 sra-sos	gs.US s3.us-east-1 sra-sos.be-md sra-sos.st-va		SRX3054309	0	Illumina HiSeq 2500	PAIRED	cDNA	TRANSCRIPTOMIC		2017-08-01	6393	4323	Homo sapiens	ILLUMINA	2017-08-03	SRR5888455	SRS2400506	SRP114567	GSM2728773			Skeletal Muscle Biopsy			public
RNA-Seq		200	PRJNA396770	SAMN07436302		GEO	fastq sra	gs s3 sra-sos	gs.US s3.us-east-1 sra-sos.be-md sra-sos.st-va		SRX3054308	0	Illumina HiSeq 2500	PAIRED	cDNA	TRANSCRIPTOMIC		2017-08-01	7779	5263	Homo sapiens	ILLUMINA	2017-08-03	SRR5888454	SRS2400507	SRP114567	GSM2728772			Skeletal Muscle Biopsy			public
RNA-Seq		200	PRJNA396770	SAMN07436303		GEO	fastq sra	gs s3 sra-sos	gs.US s3.us-east-1 sra-sos.be-md sra-sos.st-va		SRX3054307	0	Illumina HiSeq 2500	PAIRED	cDNA	TRANSCRIPTOMIC		2017-08-01	7498	5076	Homo sapiens	ILLUMINA	2017-08-03	SRR5888453	SRS2400508	SRP114567	GSM2728771			Skeletal Muscle Biopsy			public
RNA-Seq		200	PRJNA396770	SAMN07436304		GEO	fastq sra	gs s3 sra-sos	gs.US s3.us-east-1 sra-sos.be-md sra-sos.st-va		SRX3054306	0	Illumina HiSeq 2500	PAIRED	cDNA	TRANSCRIPTOMIC		2017-08-01	4992	3373	Homo sapiens	ILLUMINA	2017-08-03	SRR5888452	SRS2400509	SRP114567	GSM2728770			Skeletal Muscle Biopsy			public
RNA-Seq		200	PRJNA396770	SAMN07436305		GEO	fastq sra	gs s3 sra-sos	gs.US s3.us-east-1 sra-sos.be-md sra-sos.st-va		SRX3054305	0	Illumina HiSeq 2500	PAIRED	cDNA	TRANSCRIPTOMIC		2017-08-01	6107	4148	Homo sapiens	ILLUMINA	2017-08-03	SRR5888451	SRS2400510	SRP114567	GSM2728769			Skeletal Muscle Biopsy			public
RNA-Seq		200	PRJNA396770	SAMN07436306		GEO	fastq sra	gs s3 sra-sos	gs.US s3.us-east-1 sra-sos.be-md sra-sos.st-va		SRX3054304	0	Illumina HiSeq 2500	PAIRED	cDNA	TRANSCRIPTOMIC		2017-08-01	6014	4063	Homo sapiens	ILLUMINA	2017-08-03	SRR5888450	SRS2400511	SRP114567	GSM2728768			Skeletal Muscle Biopsy			public
RNA-Seq		200	PRJNA396770	SAMN07436307		GEO	fastq sra	gs s3 sra-sos	gs.US s3.us-east-1 sra-sos.be-md sra-sos.st-va		SRX3054303	0	Illumina HiSeq 2500	PAIRED	cDNA	TRANSCRIPTOMIC		2017-08-01	8974	6084	Homo sapiens	ILLUMINA	2017-08-03	SRR5888449	SRS2400512	SRP114567	GSM2728767			Skeletal Muscle Biopsy			public
WGS		252	PRJNA414341	SAMN07786717	Model organism or animal	UNIVERSITY OF CALIFORNIA, DAVIS	fastq sra	gs s3 sra-sos	gs.US s3.us-east-1 sra-sos.be-md sra-sos.st-va		SRX3285873	0	Illumina HiSeq 2000	PAIRED	RANDOM	GENOMIC	A2781_TAAGGCGA-AAGGAGTA	2017-10-15	27937	9772	Equus caballus	ILLUMINA	2017-10-15	SRR6175111	SRS2595466	SRP119975	A2781					whole_blood	public
WGS		252	PRJNA414341	SAMN07786718	Model organism or animal	UNIVERSITY OF CALIFORNIA, DAVIS	fastq sra	gs s3 sra-sos	gs.US s3.us-east-1 sra-sos.be-md sra-sos.st-va		SRX3285874	0	Illumina HiSeq 2000	PAIRED	RANDOM	GENOMIC	A7213_GGACTCCT-AAGGAGTA	2017-10-15	27709	9736	Equus caballus	ILLUMINA	2017-10-15	SRR6175110	SRS2595467	SRP119975	A7213					whole_blood	public
WGS		252	PRJNA414341	SAMN07786715	Model organism or animal	UNIVERSITY OF CALIFORNIA, DAVIS	fastq sra	gs s3 sra-sos	gs.US s3.us-east-1 sra-sos.be-md sra-sos.st-va		SRX3285875	0	Illumina HiSeq 2000	PAIRED	RANDOM	GENOMIC	A659_AGGCAGAA-AAGGAGTA	2017-10-15	27978	9780	Equus caballus	ILLUMINA	2017-10-15	SRR6175109	SRS2595468	SRP119975	A659					whole_blood	public
WGS		252	PRJNA414341	SAMN07786721	Model organism or animal	UNIVERSITY OF CALIFORNIA, DAVIS	fastq sra	gs s3 sra-sos	gs.US s3.us-east-1 sra-sos.be-md sra-sos.st-va		SRX3285877	0	Illumina HiSeq 2000	PAIRED	RANDOM	GENOMIC	NAD49_TAGGCATG-AAGGAGTA	2017-10-15	28222	9835	Equus caballus	ILLUMINA	2017-10-15	SRR6175107	SRS2595469	SRP119975	NAD49					whole_blood	public
WGS		252	PRJNA414341	SAMN07786722	Model organism or animal	UNIVERSITY OF CALIFORNIA, DAVIS	fastq sra	gs s3 sra-sos	gs.US s3.us-east-1 sra-sos.be-md sra-sos.st-va		SRX3285878	0	Illumina HiSeq 2000	PAIRED	RANDOM	GENOMIC	NAD101_CAGAGAGG-AAGGAGTA	2017-10-15	26425	9288	Equus caballus	ILLUMINA	2017-10-15	SRR6175106	SRS2595470	SRP119975	NAD101					whole_blood	public
WGS		252	PRJNA414341	SAMN07786719	Model organism or animal	UNIVERSITY OF CALIFORNIA, DAVIS	fastq sra	gs s3 sra-sos	gs.US s3.us-east-1 sra-sos.be-md sra-sos.st-va		SRX3285879	0	Illumina HiSeq 2000	PAIRED	RANDOM	GENOMIC	A5128_CGTACTAG-AAGGAGTA	2017-10-15	24750	8676	Equus caballus	ILLUMINA	2017-10-15	SRR6175105	SRS2595471	SRP119975	A5128					whole_blood	public
WGS		252	PRJNA414341	SAMN07786720	Model organism or animal	UNIVERSITY OF CALIFORNIA, DAVIS	fastq sra	gs s3 sra-sos	gs.US s3.us-east-1 sra-sos.be-md sra-sos.st-va		SRX3285880	0	Illumina HiSeq 2000	PAIRED	RANDOM	GENOMIC	A5137_TCCTGAGC-AAGGAGTA	2017-10-15	20884	7461	Equus caballus	ILLUMINA	2017-10-15	SRR6175104	SRS2595472	SRP119975	A5137					whole_blood	public
WGS		252	PRJNA414341	SAMN07786716	Model organism or animal	UNIVERSITY OF CALIFORNIA, DAVIS	fastq sra	gs s3 sra-sos	gs.US s3.us-east-1 sra-sos.be-md sra-sos.st-va		SRX3285876	0	Illumina HiSeq 2000	PAIRED	RANDOM	GENOMIC	A1147_CTCTCTAC-AAGGAGTA	2017-10-15	24696	8679	Equus caballus	ILLUMINA	2017-10-15	SRR6175108	SRS2595473	SRP119975	A1147					whole_blood	public
Tn-Seq		65	PRJNA494385	SAMN10175347	Pathogen.cl	HOUSTON METHODIST RESEARCH INSTITUTE	fastq sra	gs s3 sra-sos	gs.US s3.us-east-1 sra-sos.be-md sra-sos.st-va		SRX4796977	0	NextSeq 550	SINGLE	RANDOM	GENOMIC	M28_MGAS27961_output-5	2018-10-04	1402	616	Streptococcus pyogenes	ILLUMINA	2019-01-01	SRR7963361	SRS3876080	SRP163403	M28_MGAS27961_output-5				MGAS27961		public
Tn-Seq		64	PRJNA494385	SAMN10175348	Pathogen.cl	HOUSTON METHODIST RESEARCH INSTITUTE	fastq sra	gs s3 sra-sos	gs.US s3.us-east-1 sra-sos.be-md sra-sos.st-va		SRX4796978	0	NextSeq 550	SINGLE	RANDOM	GENOMIC	M28_MGAS27961_output-6	2018-10-04	1511	665	Streptococcus pyogenes	ILLUMINA	2019-01-01	SRR7963360	SRS3876081	SRP163403	M28_MGAS27961_output-6				MGAS27961		public
Tn-Seq		65	PRJNA494385	SAMN10175345	Pathogen.cl	HOUSTON METHODIST RESEARCH INSTITUTE	fastq sra	gs s3 sra-sos	gs.US s3.us-east-1 sra-sos.be-md sra-sos.st-va		SRX4796979	0	NextSeq 550	SINGLE	RANDOM	GENOMIC	M28_MGAS27961_output-3	2018-10-04	1471	650	Streptococcus pyogenes	ILLUMINA	2019-01-01	SRR7963359	SRS3876082	SRP163403	M28_MGAS27961_output-3				MGAS27961		public
Tn-Seq		64	PRJNA494385	SAMN10175346	Pathogen.cl	HOUSTON METHODIST RESEARCH INSTITUTE	fastq sra	gs s3 sra-sos	gs.US s3.us-east-1 sra-sos.be-md sra-sos.st-va		SRX4796980	0	NextSeq 550	SINGLE	RANDOM	GENOMIC	M28_MGAS27961_output-4	2018-10-04	1551	682	Streptococcus pyogenes	ILLUMINA	2019-01-01	SRR7963358	SRS3876083	SRP163403	M28_MGAS27961_output-4				MGAS27961		public
Tn-Seq		66	PRJNA494385	SAMN10175332	Pathogen.cl	HOUSTON METHODIST RESEARCH INSTITUTE	fastq sra	gs s3 sra-sos	gs.US s3.us-east-1 sra-sos.be-md sra-sos.st-va		SRX4796981	0	NextSeq 550	SINGLE	RANDOM	GENOMIC	M1_MGAS2221_output-2	2018-10-04	1082	485	Streptococcus pyogenes	ILLUMINA	2019-01-01	SRR7963357	SRS3876084	SRP163403	M1_MGAS2221_output-2				MGAS2221		public
Tn-Seq		67	PRJNA494385	SAMN10175331	Pathogen.cl	HOUSTON METHODIST RESEARCH INSTITUTE	fastq sra	gs s3 sra-sos	gs.US s3.us-east-1 sra-sos.be-md sra-sos.st-va		SRX4796982	0	NextSeq 550	SINGLE	RANDOM	GENOMIC	M1_MGAS2221_output-1	2018-10-04	1223	520	Streptococcus pyogenes	ILLUMINA	2019-01-01	SRR7963356	SRS3876085	SRP163403	M1_MGAS2221_output-1				MGAS2221		public
Tn-Seq		64	PRJNA494385	SAMN10175330	Pathogen.cl	HOUSTON METHODIST RESEARCH INSTITUTE	fastq sra	gs s3 sra-sos	gs.US s3.us-east-1 sra-sos.be-md sra-sos.st-va		SRX4796983	0	NextSeq 550	SINGLE	RANDOM	GENOMIC	M1_MGAS2221_input-6	2018-10-04	565	253	Streptococcus pyogenes	ILLUMINA	2019-01-01	SRR7963355	SRS3876086	SRP163403	M1_MGAS2221_input-6				MGAS2221		public
Tn-Seq		65	PRJNA494385	SAMN10175329	Pathogen.cl	HOUSTON METHODIST RESEARCH INSTITUTE	fastq sra	gs s3 sra-sos	gs.US s3.us-east-1 sra-sos.be-md sra-sos.st-va		SRX4796984	0	NextSeq 550	SINGLE	RANDOM	GENOMIC	M1_MGAS2221_input-5	2018-10-04	495	220	Streptococcus pyogenes	ILLUMINA	2019-01-01	SRR7963354	SRS3876087	SRP163403	M1_MGAS2221_input-5				MGAS2221		public
Tn-Seq		65	PRJNA494385	SAMN10175328	Pathogen.cl	HOUSTON METHODIST RESEARCH INSTITUTE	fastq sra	gs s3 sra-sos	gs.US s3.us-east-1 sra-sos.be-md sra-sos.st-va		SRX4796985	0	NextSeq 550	SINGLE	RANDOM	GENOMIC	M1_MGAS2221_input-4	2018-10-04	577	259	Streptococcus pyogenes	ILLUMINA	2019-01-01	SRR7963353	SRS3876088	SRP163403	M1_MGAS2221_input-4				MGAS2221		public
Tn-Seq		65	PRJNA494385	SAMN10175327	Pathogen.cl	HOUSTON METHODIST RESEARCH INSTITUTE	fastq sra	gs s3 sra-sos	gs.US s3.us-east-1 sra-sos.be-md sra-sos.st-va		SRX4796986	0	NextSeq 550	SINGLE	RANDOM	GENOMIC	M1_MGAS2221_input-3	2018-10-04	654	293	Streptococcus pyogenes	ILLUMINA	2019-01-01	SRR7963352	SRS3876089	SRP163403	M1_MGAS2221_input-3				MGAS2221		public
Tn-Seq		65	PRJNA494385	SAMN10175326	Pathogen.cl	HOUSTON METHODIST RESEARCH INSTITUTE	fastq sra	gs s3 sra-sos	gs.US s3.us-east-1 sra-sos.be-md sra-sos.st-va		SRX4796987	0	NextSeq 550	SINGLE	RANDOM	GENOMIC	M1_MGAS2221_input-2	2018-10-04	707	316	Streptococcus pyogenes	ILLUMINA	2019-01-01	SRR7963351	SRS3876090	SRP163403	M1_MGAS2221_input-2				MGAS2221		public
Tn-Seq		65	PRJNA494385	SAMN10175325	Pathogen.cl	HOUSTON METHODIST RESEARCH INSTITUTE	fastq sra	gs s3 sra-sos	gs.US s3.us-east-1 sra-sos.be-md sra-sos.st-va		SRX4796988	0	NextSeq 550	SINGLE	RANDOM	GENOMIC	M1_MGAS2221_input-1	2018-10-04	621	279	Streptococcus pyogenes	ILLUMINA	2019-01-01	SRR7963350	SRS3876091	SRP163403	M1_MGAS2221_input-1				MGAS2221		public
Tn-Seq		66	PRJNA494385	SAMN10175334	Pathogen.cl	HOUSTON METHODIST RESEARCH INSTITUTE	fastq sra	gs s3 sra-sos	gs.US s3.us-east-1 sra-sos.be-md sra-sos.st-va		SRX4796989	0	NextSeq 550	SINGLE	RANDOM	GENOMIC	M1_MGAS2221_output-4	2018-10-04	833	372	Streptococcus pyogenes	ILLUMINA	2019-01-01	SRR7963349	SRS3876092	SRP163403	M1_MGAS2221_output-4				MGAS2221		public
Tn-Seq		67	PRJNA494385	SAMN10175333	Pathogen.cl	HOUSTON METHODIST RESEARCH INSTITUTE	fastq sra	gs s3 sra-sos	gs.US s3.us-east-1 sra-sos.be-md sra-sos.st-va		SRX4796990	0	NextSeq 550	SINGLE	RANDOM	GENOMIC	M1_MGAS2221_output-3	2018-10-04	1210	541	Streptococcus pyogenes	ILLUMINA	2019-01-01	SRR7963348	SRS3876093	SRP163403	M1_MGAS2221_output-3				MGAS2221		public
Tn-Seq		58	PRJNA494385	SAMN10175338	Pathogen.cl	HOUSTON METHODIST RESEARCH INSTITUTE	fastq sra	gs s3 sra-sos	gs.US s3.us-east-1 sra-sos.be-md sra-sos.st-va		SRX4796991	0	NextSeq 550	SINGLE	RANDOM	GENOMIC	M28_MGAS27961_input-2	2018-10-04	642	301	Streptococcus pyogenes	ILLUMINA	2019-01-01	SRR7963347	SRS3876094	SRP163403	M28_MGAS27961_input-2				MGAS27961		public
Tn-Seq		58	PRJNA494385	SAMN10175337	Pathogen.cl	HOUSTON METHODIST RESEARCH INSTITUTE	fastq sra	gs s3 sra-sos	gs.US s3.us-east-1 sra-sos.be-md sra-sos.st-va		SRX4796992	0	NextSeq 550	SINGLE	RANDOM	GENOMIC	M28_MGAS27961_input-1	2018-10-04	553	260	Streptococcus pyogenes	ILLUMINA	2019-01-01	SRR7963346	SRS3876095	SRP163403	M28_MGAS27961_input-1				MGAS27961		public
Tn-Seq		66	PRJNA494385	SAMN10175336	Pathogen.cl	HOUSTON METHODIST RESEARCH INSTITUTE	fastq sra	gs s3 sra-sos	gs.US s3.us-east-1 sra-sos.be-md sra-sos.st-va		SRX4796993	0	NextSeq 550	SINGLE	RANDOM	GENOMIC	M1_MGAS2221_output-6	2018-10-04	1268	568	Streptococcus pyogenes	ILLUMINA	2019-01-01	SRR7963345	SRS3876096	SRP163403	M1_MGAS2221_output-6				MGAS2221		public
Tn-Seq		67	PRJNA494385	SAMN10175335	Pathogen.cl	HOUSTON METHODIST RESEARCH INSTITUTE	fastq sra	gs s3 sra-sos	gs.US s3.us-east-1 sra-sos.be-md sra-sos.st-va		SRX4796994	0	NextSeq 550	SINGLE	RANDOM	GENOMIC	M1_MGAS2221_output-5	2018-10-04	1329	565	Streptococcus pyogenes	ILLUMINA	2019-01-01	SRR7963344	SRS3876097	SRP163403	M1_MGAS2221_output-5				MGAS2221		public
Tn-Seq		57	PRJNA494385	SAMN10175342	Pathogen.cl	HOUSTON METHODIST RESEARCH INSTITUTE	fastq sra	gs s3 sra-sos	gs.US s3.us-east-1 sra-sos.be-md sra-sos.st-va		SRX4796995	0	NextSeq 550	SINGLE	RANDOM	GENOMIC	M28_MGAS27961_input-6	2018-10-04	424	199	Streptococcus pyogenes	ILLUMINA	2019-01-01	SRR7963343	SRS3876098	SRP163403	M28_MGAS27961_input-6				MGAS27961		public
Tn-Seq		59	PRJNA494385	SAMN10175341	Pathogen.cl	HOUSTON METHODIST RESEARCH INSTITUTE	fastq sra	gs s3 sra-sos	gs.US s3.us-east-1 sra-sos.be-md sra-sos.st-va		SRX4796996	0	NextSeq 550	SINGLE	RANDOM	GENOMIC	M28_MGAS27961_input-5	2018-10-04	393	183	Streptococcus pyogenes	ILLUMINA	2019-01-01	SRR7963342	SRS3876099	SRP163403	M28_MGAS27961_input-5				MGAS27961		public
Tn-Seq		58	PRJNA494385	SAMN10175340	Pathogen.cl	HOUSTON METHODIST RESEARCH INSTITUTE	fastq sra	gs s3 sra-sos	gs.US s3.us-east-1 sra-sos.be-md sra-sos.st-va		SRX4796997	0	NextSeq 550	SINGLE	RANDOM	GENOMIC	M28_MGAS27961_input-4	2018-10-04	502	236	Streptococcus pyogenes	ILLUMINA	2019-01-01	SRR7963341	SRS3876100	SRP163403	M28_MGAS27961_input-4				MGAS27961		public
Tn-Seq		58	PRJNA494385	SAMN10175339	Pathogen.cl	HOUSTON METHODIST RESEARCH INSTITUTE	fastq sra	gs s3 sra-sos	gs.US s3.us-east-1 sra-sos.be-md sra-sos.st-va		SRX4796998	0	NextSeq 550	SINGLE	RANDOM	GENOMIC	M28_MGAS27961_input-3	2018-10-04	437	205	Streptococcus pyogenes	ILLUMINA	2019-01-01	SRR7963340	SRS3876101	SRP163403	M28_MGAS27961_input-3				MGAS27961		public
Tn-Seq		67	PRJNA494385	SAMN10175344	Pathogen.cl	HOUSTON METHODIST RESEARCH INSTITUTE	fastq sra	gs s3 sra-sos	gs.US s3.us-east-1 sra-sos.be-md sra-sos.st-va		SRX4796999	0	NextSeq 550	SINGLE	RANDOM	GENOMIC	M28_MGAS27961_output-2	2018-10-04	1632	663	Streptococcus pyogenes	ILLUMINA	2019-01-01	SRR7963339	SRS3876102	SRP163403	M28_MGAS27961_output-2				MGAS27961		public
Tn-Seq		67	PRJNA494385	SAMN10175343	Pathogen.cl	HOUSTON METHODIST RESEARCH INSTITUTE	fastq sra	gs s3 sra-sos	gs.US s3.us-east-1 sra-sos.be-md sra-sos.st-va		SRX4797000	0	NextSeq 550	SINGLE	RANDOM	GENOMIC	M28_MGAS27961_output-1	2018-10-04	1347	545	Streptococcus pyogenes	ILLUMINA	2019-01-01	SRR7963338	SRS3876103	SRP163403	M28_MGAS27961_output-1				MGAS27961		public
Tn-Seq		55	PRJNA494385	SAMN10485291	Pathogen.cl	HOUSTON METHODIST RESEARCH INSTITUTE	fastq sra	gs s3 sra-sos	gs.US s3.us-east-1 sra-sos.be-md sra-sos.st-va		SRX5066513	0	NextSeq 550	SINGLE	RANDOM	GENOMIC	M28_MGAS27961_CDM-output-2	2018-11-27	452	230	Streptococcus pyogenes	ILLUMINA	2019-12-01	SRR8248622	SRS4081904	SRP163403	M28_MGAS27961_CDM-output-2				MGAS27961		public
Tn-Seq		66	PRJNA494385	SAMN10485284	Pathogen.cl	HOUSTON METHODIST RESEARCH INSTITUTE	fastq sra	gs s3	gs.US s3.us-east-1		SRX5066514	0	NextSeq 550	SINGLE	RANDOM	GENOMIC	M1_MGAS2221_CDM-output-3	2018-11-27	648	299	Streptococcus pyogenes	ILLUMINA	2019-12-01	SRR8248621	SRS4081905	SRP163403	M1_MGAS2221_CDM-output-3				MGAS2221		public
Tn-Seq		55	PRJNA494385	SAMN10485293	Pathogen.cl	HOUSTON METHODIST RESEARCH INSTITUTE	fastq sra	gs s3	gs.US s3.us-east-1		SRX5066515	0	NextSeq 550	SINGLE	RANDOM	GENOMIC	M28_MGAS27961_CDM-output-4	2018-11-27	541	276	Streptococcus pyogenes	ILLUMINA	2019-12-01	SRR8248620	SRS4081906	SRP163403	M28_MGAS27961_CDM-output-4				MGAS27961		public
Tn-Seq		65	PRJNA494385	SAMN10485285	Pathogen.cl	HOUSTON METHODIST RESEARCH INSTITUTE	fastq sra	gs s3	gs.US s3.us-east-1		SRX5066516	0	NextSeq 550	SINGLE	RANDOM	GENOMIC	M1_MGAS2221_CDM-output-4	2018-11-27	861	401	Streptococcus pyogenes	ILLUMINA	2019-12-01	SRR8248619	SRS4081907	SRP163403	M1_MGAS2221_CDM-output-4				MGAS2221		public
Tn-Seq		66	PRJNA494385	SAMN10485280	Pathogen.cl	HOUSTON METHODIST RESEARCH INSTITUTE	fastq sra	gs s3 sra-sos	gs.US s3.us-east-1 sra-sos.be-md sra-sos.st-va		SRX5066517	0	NextSeq 550	SINGLE	RANDOM	GENOMIC	M1_MGAS2221_CDM-input-3	2018-11-27	1081	501	Streptococcus pyogenes	ILLUMINA	2019-12-01	SRR8248618	SRS4081908	SRP163403	M1_MGAS2221_CDM-input-3				MGAS2221		public
Tn-Seq		58	PRJNA494385	SAMN10485286	Pathogen.cl	HOUSTON METHODIST RESEARCH INSTITUTE	fastq sra	gs s3 sra-sos	gs.US s3.us-east-1 sra-sos.be-md sra-sos.st-va		SRX5066518	0	NextSeq 550	SINGLE	RANDOM	GENOMIC	M28_MGAS27961_CDM-input-1	2018-11-27	304	157	Streptococcus pyogenes	ILLUMINA	2019-12-01	SRR8248617	SRS4081909	SRP163403	M28_MGAS27961_CDM-input-1				MGAS27961		public
Tn-Seq		58	PRJNA494385	SAMN10485287	Pathogen.cl	HOUSTON METHODIST RESEARCH INSTITUTE	fastq sra	gs s3 sra-sos	gs.US s3.us-east-1 sra-sos.be-md sra-sos.st-va		SRX5066519	0	NextSeq 550	SINGLE	RANDOM	GENOMIC	M28_MGAS27961_CDM-input-2	2018-11-27	356	183	Streptococcus pyogenes	ILLUMINA	2019-12-01	SRR8248616	SRS4081910	SRP163403	M28_MGAS27961_CDM-input-2				MGAS27961		public
Tn-Seq		66	PRJNA494385	SAMN10485281	Pathogen.cl	HOUSTON METHODIST RESEARCH INSTITUTE	fastq sra	gs s3	gs.US s3.us-east-1		SRX5066520	0	NextSeq 550	SINGLE	RANDOM	GENOMIC	M1_MGAS2221_CDM-input-4	2018-11-27	777	361	Streptococcus pyogenes	ILLUMINA	2019-12-01	SRR8248615	SRS4081911	SRP163403	M1_MGAS2221_CDM-input-4				MGAS2221		public
Tn-Seq		58	PRJNA494385	SAMN10485288	Pathogen.cl	HOUSTON METHODIST RESEARCH INSTITUTE	fastq sra	gs s3	gs.US s3.us-east-1		SRX5066521	0	NextSeq 550	SINGLE	RANDOM	GENOMIC	M28_MGAS27961_CDM-input-3	2018-11-27	226	116	Streptococcus pyogenes	ILLUMINA	2019-12-01	SRR8248614	SRS4081912	SRP163403	M28_MGAS27961_CDM-input-3				MGAS27961		public
Tn-Seq		58	PRJNA494385	SAMN10485289	Pathogen.cl	HOUSTON METHODIST RESEARCH INSTITUTE	fastq sra	gs s3 sra-sos	gs.US s3.us-east-1 sra-sos.be-md sra-sos.st-va		SRX5066522	0	NextSeq 550	SINGLE	RANDOM	GENOMIC	M28_MGAS27961_CDM-input-4	2018-11-27	319	165	Streptococcus pyogenes	ILLUMINA	2019-12-01	SRR8248613	SRS4081913	SRP163403	M28_MGAS27961_CDM-input-4				MGAS27961		public
Tn-Seq		66	PRJNA494385	SAMN10485278	Pathogen.cl	HOUSTON METHODIST RESEARCH INSTITUTE	fastq sra	gs s3 sra-sos	gs.US s3.us-east-1 sra-sos.be-md sra-sos.st-va		SRX5066523	0	NextSeq 550	SINGLE	RANDOM	GENOMIC	M1_MGAS2221_CDM-input-1	2018-11-27	1042	484	Streptococcus pyogenes	ILLUMINA	2019-12-01	SRR8248612	SRS4081914	SRP163403	M1_MGAS2221_CDM-input-1				MGAS2221		public
Tn-Seq		66	PRJNA494385	SAMN10485279	Pathogen.cl	HOUSTON METHODIST RESEARCH INSTITUTE	fastq sra	gs s3	gs.US s3.us-east-1		SRX5066524	0	NextSeq 550	SINGLE	RANDOM	GENOMIC	M1_MGAS2221_CDM-input-2	2018-11-27	1102	511	Streptococcus pyogenes	ILLUMINA	2019-12-01	SRR8248611	SRS4081915	SRP163403	M1_MGAS2221_CDM-input-2				MGAS2221		public
Tn-Seq		55	PRJNA494385	SAMN10485292	Pathogen.cl	HOUSTON METHODIST RESEARCH INSTITUTE	fastq sra	gs s3 sra-sos	gs.US s3.us-east-1 sra-sos.be-md sra-sos.st-va		SRX5066525	0	NextSeq 550	SINGLE	RANDOM	GENOMIC	M28_MGAS27961_CDM-output-3	2018-11-27	459	232	Streptococcus pyogenes	ILLUMINA	2019-12-01	SRR8248610	SRS4081916	SRP163403	M28_MGAS27961_CDM-output-3				MGAS27961		public
Tn-Seq		55	PRJNA494385	SAMN10485290	Pathogen.cl	HOUSTON METHODIST RESEARCH INSTITUTE	fastq sra	gs s3 sra-sos	gs.US s3.us-east-1 sra-sos.be-md sra-sos.st-va		SRX5066526	0	NextSeq 550	SINGLE	RANDOM	GENOMIC	M28_MGAS27961_CDM-output-1	2018-11-27	280	140	Streptococcus pyogenes	ILLUMINA	2019-12-01	SRR8248609	SRS4081917	SRP163403	M28_MGAS27961_CDM-output-1				MGAS27961		public
Tn-Seq		66	PRJNA494385	SAMN10485282	Pathogen.cl	HOUSTON METHODIST RESEARCH INSTITUTE	fastq sra	gs s3 sra-sos	gs.US s3.us-east-1 sra-sos.be-md sra-sos.st-va		SRX5066527	0	NextSeq 550	SINGLE	RANDOM	GENOMIC	M1_MGAS2221_CDM-output-1	2018-11-27	610	280	Streptococcus pyogenes	ILLUMINA	2019-12-01	SRR8248608	SRS4081918	SRP163403	M1_MGAS2221_CDM-output-1				MGAS2221		public
Tn-Seq		66	PRJNA494385	SAMN10485283	Pathogen.cl	HOUSTON METHODIST RESEARCH INSTITUTE	fastq sra	gs s3	gs.US s3.us-east-1		SRX5066528	0	NextSeq 550	SINGLE	RANDOM	GENOMIC	M1_MGAS2221_CDM-output-2	2018-11-27	675	313	Streptococcus pyogenes	ILLUMINA	2019-12-01	SRR8248607	SRS4081919	SRP163403	M1_MGAS2221_CDM-output-2				MGAS2221		public
RNA-Seq		85	PRJEB20137	SAMEA103939838		UCL Genomics	fastq sra	ftp-ena gs s3	gs.US s3.us-east-1	2019-01-03	ERX1958868	150	NextSeq 500	PAIRED	PolyA	TRANSCRIPTOMIC	JDM-RN-18-1132-MR_p	2019-01-29	870	375	Homo sapiens	ILLUMINA	2019-01-24	ERR1898478	ERS1629006	ERP022260	SAMEA103939838						public
RNA-Seq		85	PRJEB20137	SAMEA103939839		UCL Genomics	fastq sra	ftp-ena gs s3	gs.US s3.us-east-1	2019-01-03	ERX1958869	150	NextSeq 500	PAIRED	PolyA	TRANSCRIPTOMIC	JDM-RN-21-1152-MR_p	2019-01-29	1625	692	Homo sapiens	ILLUMINA	2019-01-24	ERR1898479	ERS1629007	ERP022260	SAMEA103939839						public
RNA-Seq		85	PRJEB20137	SAMEA103939840		UCL Genomics	fastq sra	ftp-ena gs s3	gs.US s3.us-east-1	2019-01-03	ERX1958870	150	NextSeq 500	PAIRED	PolyA	TRANSCRIPTOMIC	JDM-RN-33-1262-MR_p	2019-01-29	2882	1212	Homo sapiens	ILLUMINA	2019-01-24	ERR1898480	ERS1629008	ERP022260	SAMEA103939840						public
RNA-Seq		85	PRJEB20137	SAMEA103939841		UCL Genomics	fastq sra	ftp-ena gs s3	gs.US s3.us-east-1	2019-01-03	ERX1958871	150	NextSeq 500	PAIRED	PolyA	TRANSCRIPTOMIC	JDM-RN-34-1266-MR_p	2019-01-29	1493	637	Homo sapiens	ILLUMINA	2019-01-24	ERR1898481	ERS1629009	ERP022260	SAMEA103939841						public
RNA-Seq		85	PRJEB20137	SAMEA103939842		UCL Genomics	fastq sra	ftp-ena gs s3	gs.US s3.us-east-1	2019-01-03	ERX1958872	150	NextSeq 500	PAIRED	PolyA	TRANSCRIPTOMIC	JDM-RN-1-1004-MR_p	2019-01-29	1198	563	Homo sapiens	ILLUMINA	2019-01-24	ERR1898482	ERS1629010	ERP022260	SAMEA103939842						public
RNA-Seq		85	PRJEB20137	SAMEA103939843		UCL Genomics	fastq sra	ftp-ena gs s3	gs.US s3.us-east-1	2019-01-03	ERX1958873	150	NextSeq 500	PAIRED	PolyA	TRANSCRIPTOMIC	JDM-RN-3-1024-MR_p	2019-01-29	1173	563	Homo sapiens	ILLUMINA	2019-01-24	ERR1898483	ERS1629011	ERP022260	SAMEA103939843						public
RNA-Seq		85	PRJEB20137	SAMEA103939844		UCL Genomics	fastq sra	ftp-ena gs s3	gs.US s3.us-east-1	2019-01-03	ERX1958874	150	NextSeq 500	PAIRED	PolyA	TRANSCRIPTOMIC	JDM-RN-4-1032-MR_p	2019-01-29	1472	700	Homo sapiens	ILLUMINA	2019-01-24	ERR1898484	ERS1629012	ERP022260	SAMEA103939844						public
RNA-Seq		85	PRJEB20137	SAMEA103939845		UCL Genomics	fastq sra	ftp-ena gs s3	gs.US s3.us-east-1	2019-01-03	ERX1958875	150	NextSeq 500	PAIRED	PolyA	TRANSCRIPTOMIC	JDM-RN-5-1036-MR_p	2019-01-30	1772	836	Homo sapiens	ILLUMINA	2019-01-24	ERR1898485	ERS1629013	ERP022260	SAMEA103939845						public
RNA-Seq		85	PRJEB20137	SAMEA103939846		UCL Genomics	fastq sra	ftp-ena gs s3	gs.US s3.us-east-1	2019-01-03	ERX1958876	150	NextSeq 500	PAIRED	PolyA	TRANSCRIPTOMIC	JDM-RN-6-1044-MR_p	2019-01-30	1472	703	Homo sapiens	ILLUMINA	2019-01-24	ERR1898486	ERS1629014	ERP022260	SAMEA103939846						public
RNA-Seq		85	PRJEB20137	SAMEA103939847		UCL Genomics	fastq sra	ftp-ena gs s3	gs.US s3.us-east-1	2019-01-03	ERX1958877	150	NextSeq 500	PAIRED	PolyA	TRANSCRIPTOMIC	JDM-RN-7-1052-MR_p	2019-01-30	1500	721	Homo sapiens	ILLUMINA	2019-01-24	ERR1898487	ERS1629015	ERP022260	SAMEA103939847						public
RNA-Seq		85	PRJEB20137	SAMEA103939848		UCL Genomics	fastq sra	ftp-ena gs s3	gs.US s3.us-east-1	2019-01-03	ERX1958878	150	NextSeq 500	PAIRED	PolyA	TRANSCRIPTOMIC	JDM-RN-9-1064-MR_p	2019-01-30	1163	548	Homo sapiens	ILLUMINA	2019-01-24	ERR1898488	ERS1629016	ERP022260	SAMEA103939848						public
RNA-Seq		85	PRJEB20137	SAMEA103939849		UCL Genomics	fastq sra	ftp-ena gs s3	gs.US s3.us-east-1	2019-01-03	ERX1958879	150	NextSeq 500	PAIRED	PolyA	TRANSCRIPTOMIC	JDM-RN-11-1073-MR_p	2019-01-27	1827	866	Homo sapiens	ILLUMINA	2019-01-24	ERR1898489	ERS1629017	ERP022260	SAMEA103939849						public
RNA-Seq		85	PRJEB20137	SAMEA103939850		UCL Genomics	fastq sra	ftp-ena gs s3	gs.US s3.us-east-1	2019-01-03	ERX1958880	150	NextSeq 500	PAIRED	PolyA	TRANSCRIPTOMIC	JDM-RN-12-1103-MR_p	2019-01-30	1033	438	Homo sapiens	ILLUMINA	2019-01-24	ERR1898490	ERS1629018	ERP022260	SAMEA103939850						public
RNA-Seq		85	PRJEB20137	SAMEA103939851		UCL Genomics	fastq sra	ftp-ena gs s3	gs.US s3.us-east-1	2019-01-03	ERX1958881	150	NextSeq 500	PAIRED	PolyA	TRANSCRIPTOMIC	JDM-RN-1-1008-MR_p	2019-01-30	1346	633	Homo sapiens	ILLUMINA	2019-01-24	ERR1898491	ERS1629019	ERP022260	SAMEA103939851						public
RNA-Seq		85	PRJEB20137	SAMEA103939852		UCL Genomics	fastq sra	ftp-ena gs s3	gs.US s3.us-east-1	2019-01-03	ERX1958882	150	NextSeq 500	PAIRED	PolyA	TRANSCRIPTOMIC	JDM-RN-2-1012-MR_p	2019-01-30	1272	608	Homo sapiens	ILLUMINA	2019-01-24	ERR1898492	ERS1629020	ERP022260	SAMEA103939852						public
RNA-Seq		85	PRJEB20137	SAMEA103939853		UCL Genomics	fastq sra	ftp-ena gs s3	gs.US s3.us-east-1	2019-01-03	ERX1958883	150	NextSeq 500	PAIRED	PolyA	TRANSCRIPTOMIC	JDM-RN-3-1020-MR_p	2019-01-30	1471	701	Homo sapiens	ILLUMINA	2019-01-24	ERR1898493	ERS1629021	ERP022260	SAMEA103939853						public
RNA-Seq		85	PRJEB20137	SAMEA103939854		UCL Genomics	fastq sra	ftp-ena gs s3	gs.US s3.us-east-1	2019-01-03	ERX1958884	150	NextSeq 500	PAIRED	PolyA	TRANSCRIPTOMIC	JDM-RN-4-1028-MR_p	2019-01-30	1393	658	Homo sapiens	ILLUMINA	2019-01-24	ERR1898494	ERS1629022	ERP022260	SAMEA103939854						public
RNA-Seq		85	PRJEB20137	SAMEA103939855		UCL Genomics	fastq sra	ftp-ena gs s3	gs.US s3.us-east-1	2019-01-03	ERX1958885	150	NextSeq 500	PAIRED	PolyA	TRANSCRIPTOMIC	JDM-RN-7-1048-MR_p	2019-01-30	1386	660	Homo sapiens	ILLUMINA	2019-01-24	ERR1898495	ERS1629023	ERP022260	SAMEA103939855						public
RNA-Seq		85	PRJEB20137	SAMEA103939856		UCL Genomics	fastq sra	ftp-ena gs s3	gs.US s3.us-east-1	2019-01-03	ERX1958886	150	NextSeq 500	PAIRED	PolyA	TRANSCRIPTOMIC	JDM-RN-9-1060-MR_p	2019-01-30	1073	512	Homo sapiens	ILLUMINA	2019-01-24	ERR1898496	ERS1629024	ERP022260	SAMEA103939856						public
RNA-Seq		85	PRJEB20137	SAMEA103939857		UCL Genomics	fastq sra	ftp-ena gs s3	gs.US s3.us-east-1	2019-01-03	ERX1958887	150	NextSeq 500	PAIRED	PolyA	TRANSCRIPTOMIC	JDM-RN-10-1068-MR_p	2019-01-27	1421	685	Homo sapiens	ILLUMINA	2019-01-24	ERR1898497	ERS1629025	ERP022260	SAMEA103939857						public
RNA-Seq		85	PRJEB20137	SAMEA103939858		UCL Genomics	fastq sra	ftp-ena gs s3	gs.US s3.us-east-1	2019-01-03	ERX1958888	150	NextSeq 500	PAIRED	PolyA	TRANSCRIPTOMIC	JDM-RN-15-1127-MR_p	2019-01-30	1474	621	Homo sapiens	ILLUMINA	2019-01-24	ERR1898498	ERS1629026	ERP022260	SAMEA103939858						public
RNA-Seq		85	PRJEB20137	SAMEA103939859		UCL Genomics	fastq sra	ftp-ena gs s3	gs.US s3.us-east-1	2019-01-03	ERX1958889	150	NextSeq 500	PAIRED	PolyA	TRANSCRIPTOMIC	JDM-RN-16-1145-MR_p	2019-01-30	2225	938	Homo sapiens	ILLUMINA	2019-01-24	ERR1898499	ERS1629027	ERP022260	SAMEA103939859						public
RNA-Seq		150	PRJNA518143	SAMN10855130		GEO	sra	gs s3 sra-sos	gs.US s3.us-east-1 sra-sos.be-md sra-sos.st-va		SRX5318487	0	Illumina HiSeq 4000	PAIRED	cDNA	TRANSCRIPTOMIC		2019-01-31	4806	1760	Homo sapiens	ILLUMINA	2019-07-31	SRR8514900	SRS4314334	SRP183096	GSM3587211			Whole Blood			public
RNA-Seq		150	PRJNA518143	SAMN10855128		GEO	sra	gs s3	gs.US s3.us-east-1		SRX5318489	0	Illumina HiSeq 4000	PAIRED	cDNA	TRANSCRIPTOMIC		2019-01-31	5987	2201	Homo sapiens	ILLUMINA	2019-07-31	SRR8514902	SRS4314336	SRP183096	GSM3587213			Whole Blood			public
RNA-Seq		150	PRJNA518143	SAMN10855127		GEO	sra	gs s3	gs.US s3.us-east-1		SRX5318490	0	Illumina HiSeq 4000	PAIRED	cDNA	TRANSCRIPTOMIC		2019-01-31	6840	2605	Homo sapiens	ILLUMINA	2019-07-31	SRR8514903	SRS4314337	SRP183096	GSM3587214			Whole Blood			public
RNA-Seq		150	PRJNA518143	SAMN10855126		GEO	sra	gs s3	gs.US s3.us-east-1		SRX5318491	0	Illumina HiSeq 4000	PAIRED	cDNA	TRANSCRIPTOMIC		2019-01-31	6844	2530	Homo sapiens	ILLUMINA	2019-07-31	SRR8514904	SRS4314338	SRP183096	GSM3587215			Whole Blood			public
RNA-Seq		150	PRJNA518143	SAMN10855125		GEO	sra	gs s3	gs.US s3.us-east-1		SRX5318492	0	Illumina HiSeq 4000	PAIRED	cDNA	TRANSCRIPTOMIC		2019-01-31	8130	3018	Homo sapiens	ILLUMINA	2019-07-31	SRR8514905	SRS4314339	SRP183096	GSM3587216			Whole Blood			public
RNA-Seq		150	PRJNA518143	SAMN10855123		GEO	sra	gs s3	gs.US s3.us-east-1		SRX5318494	0	Illumina HiSeq 4000	PAIRED	cDNA	TRANSCRIPTOMIC		2019-01-31	6732	2490	Homo sapiens	ILLUMINA	2019-07-31	SRR8514907	SRS4314341	SRP183096	GSM3587218			Whole Blood			public
RNA-Seq		150	PRJNA518143	SAMN10855122		GEO	sra	gs s3	gs.US s3.us-east-1		SRX5318495	0	Illumina HiSeq 4000	PAIRED	cDNA	TRANSCRIPTOMIC		2019-01-31	3590	1353	Homo sapiens	ILLUMINA	2019-07-31	SRR8514908	SRS4314342	SRP183096	GSM3587219			Whole Blood			public
RNA-Seq		150	PRJNA518143	SAMN10855121		GEO	sra	gs s3	gs.US s3.us-east-1		SRX5318496	0	Illumina HiSeq 4000	PAIRED	cDNA	TRANSCRIPTOMIC		2019-01-31	8069	2968	Homo sapiens	ILLUMINA	2019-07-31	SRR8514909	SRS4314343	SRP183096	GSM3587220			Whole Blood			public
RNA-Seq		150	PRJNA518143	SAMN10855120		GEO	sra	gs s3	gs.US s3.us-east-1		SRX5318497	0	Illumina HiSeq 4000	PAIRED	cDNA	TRANSCRIPTOMIC		2019-01-31	7320	2895	Homo sapiens	ILLUMINA	2019-07-31	SRR8514910	SRS4314344	SRP183096	GSM3587221			Whole Blood			public
RNA-Seq		150	PRJNA518143	SAMN10855118		GEO	sra	gs s3	gs.US s3.us-east-1		SRX5318499	0	Illumina HiSeq 4000	PAIRED	cDNA	TRANSCRIPTOMIC		2019-01-31	5503	2023	Homo sapiens	ILLUMINA	2019-07-31	SRR8514912	SRS4314346	SRP183096	GSM3587223			Whole Blood			public
RNA-Seq		150	PRJNA518143	SAMN10855117		GEO	sra	gs s3 sra-sos	gs.US s3.us-east-1 sra-sos.be-md sra-sos.st-va		SRX5318500	0	Illumina HiSeq 4000	PAIRED	cDNA	TRANSCRIPTOMIC		2019-01-31	6031	2219	Homo sapiens	ILLUMINA	2019-07-31	SRR8514913	SRS4314347	SRP183096	GSM3587224			Whole Blood			public
RNA-Seq		150	PRJNA518143	SAMN10855116		GEO	sra	gs s3 sra-sos	gs.US s3.us-east-1 sra-sos.be-md sra-sos.st-va		SRX5318501	0	Illumina HiSeq 4000	PAIRED	cDNA	TRANSCRIPTOMIC		2019-01-31	7834	2893	Homo sapiens	ILLUMINA	2019-07-31	SRR8514914	SRS4314348	SRP183096	GSM3587225			Whole Blood			public
RNA-Seq		150	PRJNA518143	SAMN10855115		GEO	sra	gs s3	gs.US s3.us-east-1		SRX5318502	0	Illumina HiSeq 4000	PAIRED	cDNA	TRANSCRIPTOMIC		2019-01-31	8496	3123	Homo sapiens	ILLUMINA	2019-07-31	SRR8514915	SRS4314349	SRP183096	GSM3587226			Whole Blood			public
RNA-Seq		150	PRJNA518143	SAMN10855114		GEO	sra	gs s3	gs.US s3.us-east-1		SRX5318503	0	Illumina HiSeq 4000	PAIRED	cDNA	TRANSCRIPTOMIC		2019-01-31	7264	2700	Homo sapiens	ILLUMINA	2019-07-31	SRR8514916	SRS4314350	SRP183096	GSM3587227			Whole Blood			public
RNA-Seq		150	PRJNA518143	SAMN10855110		GEO	sra	gs s3	gs.US s3.us-east-1		SRX5318505	0	Illumina HiSeq 4000	PAIRED	cDNA	TRANSCRIPTOMIC		2019-01-31	6076	2241	Homo sapiens	ILLUMINA	2019-07-31	SRR8514918	SRS4314352	SRP183096	GSM3587229			Whole Blood			public
RNA-Seq		150	PRJNA518143	SAMN10855109		GEO	sra	gs s3	gs.US s3.us-east-1		SRX5318506	0	Illumina HiSeq 4000	PAIRED	cDNA	TRANSCRIPTOMIC		2019-01-31	6107	2255	Homo sapiens	ILLUMINA	2019-07-31	SRR8514919	SRS4314353	SRP183096	GSM3587230			Whole Blood			public
RNA-Seq		150	PRJNA518143	SAMN10855112		GEO	sra	gs s3	gs.US s3.us-east-1		SRX5318507	0	Illumina HiSeq 4000	PAIRED	cDNA	TRANSCRIPTOMIC		2019-01-31	8334	3151	Homo sapiens	ILLUMINA	2019-07-31	SRR8514920	SRS4314354	SRP183096	GSM3587231			Whole Blood			public
RNA-Seq		150	PRJNA518143	SAMN10855111		GEO	sra	gs s3	gs.US s3.us-east-1		SRX5318508	0	Illumina HiSeq 4000	PAIRED	cDNA	TRANSCRIPTOMIC		2019-01-31	6217	2300	Homo sapiens	ILLUMINA	2019-07-31	SRR8514921	SRS4314355	SRP183096	GSM3587232			Whole Blood			public
RNA-Seq		150	PRJNA518143	SAMN10855107		GEO	sra	gs s3	gs.US s3.us-east-1		SRX5318510	0	Illumina HiSeq 4000	PAIRED	cDNA	TRANSCRIPTOMIC		2019-01-31	6407	2323	Homo sapiens	ILLUMINA	2019-07-31	SRR8514923	SRS4314357	SRP183096	GSM3587234			Whole Blood			public
miRNA-Seq		151	PRJNA518143	SAMN10855106		GEO	sra	gs s3	gs.US s3.us-east-1		SRX5318511	0	Illumina HiSeq 4000	PAIRED	size fractionation	TRANSCRIPTOMIC		2019-01-31	2109	894	Homo sapiens	ILLUMINA	2019-07-31	SRR8514924	SRS4314358	SRP183096	GSM3587235			Whole Blood			public
miRNA-Seq		151	PRJNA518143	SAMN10855103		GEO	sra	gs s3	gs.US s3.us-east-1		SRX5318513	0	Illumina HiSeq 4000	PAIRED	size fractionation	TRANSCRIPTOMIC		2019-01-31	2990	1303	Homo sapiens	ILLUMINA	2019-07-31	SRR8514926	SRS4314360	SRP183096	GSM3587237			Whole Blood			public
miRNA-Seq		151	PRJNA518143	SAMN10855102		GEO	sra	gs s3	gs.US s3.us-east-1		SRX5318514	0	Illumina HiSeq 4000	PAIRED	size fractionation	TRANSCRIPTOMIC		2019-01-31	5159	2241	Homo sapiens	ILLUMINA	2019-07-31	SRR8514927	SRS4314361	SRP183096	GSM3587238			Whole Blood			public
miRNA-Seq		151	PRJNA518143	SAMN10855101		GEO	sra	gs s3	gs.US s3.us-east-1		SRX5318515	0	Illumina HiSeq 4000	PAIRED	size fractionation	TRANSCRIPTOMIC		2019-01-31	7176	3102	Homo sapiens	ILLUMINA	2019-07-31	SRR8514928	SRS4314362	SRP183096	GSM3587239			Whole Blood			public
miRNA-Seq		151	PRJNA518143	SAMN10855100		GEO	sra	gs s3	gs.US s3.us-east-1		SRX5318516	0	Illumina HiSeq 4000	PAIRED	size fractionation	TRANSCRIPTOMIC		2019-01-31	15289	6437	Homo sapiens	ILLUMINA	2019-07-31	SRR8514929	SRS4314363	SRP183096	GSM3587240			Whole Blood			public
miRNA-Seq		151	PRJNA518143	SAMN10855097		GEO	sra	gs s3	gs.US s3.us-east-1		SRX5318518	0	Illumina HiSeq 4000	PAIRED	size fractionation	TRANSCRIPTOMIC		2019-01-31	3104	1407	Homo sapiens	ILLUMINA	2019-07-31	SRR8514931	SRS4314365	SRP183096	GSM3587242			Whole Blood			public
miRNA-Seq		151	PRJNA518143	SAMN10855096		GEO	sra	gs s3	gs.US s3.us-east-1		SRX5318519	0	Illumina HiSeq 4000	PAIRED	size fractionation	TRANSCRIPTOMIC		2019-01-31	7107	2963	Homo sapiens	ILLUMINA	2019-07-31	SRR8514932	SRS4314366	SRP183096	GSM3587243			Whole Blood			public
miRNA-Seq		151	PRJNA518143	SAMN10855094		GEO	sra	gs s3	gs.US s3.us-east-1		SRX5318520	0	Illumina HiSeq 4000	PAIRED	size fractionation	TRANSCRIPTOMIC		2019-01-31	15645	6529	Homo sapiens	ILLUMINA	2019-07-31	SRR8514933	SRS4314367	SRP183096	GSM3587244			Whole Blood			public
miRNA-Seq		151	PRJNA518143	SAMN10855093		GEO	sra	gs s3	gs.US s3.us-east-1		SRX5318521	0	Illumina HiSeq 4000	PAIRED	size fractionation	TRANSCRIPTOMIC		2019-01-31	5618	2716	Homo sapiens	ILLUMINA	2019-07-31	SRR8514934	SRS4314368	SRP183096	GSM3587245			Whole Blood			public
miRNA-Seq		151	PRJNA518143	SAMN10855090		GEO	sra	gs s3	gs.US s3.us-east-1		SRX5318523	0	Illumina HiSeq 4000	PAIRED	size fractionation	TRANSCRIPTOMIC		2019-01-31	2707	1158	Homo sapiens	ILLUMINA	2019-07-31	SRR8514936	SRS4314370	SRP183096	GSM3587247			Whole Blood			public
miRNA-Seq		151	PRJNA518143	SAMN10855088		GEO	sra	gs s3	gs.US s3.us-east-1		SRX5318524	0	Illumina HiSeq 4000	PAIRED	size fractionation	TRANSCRIPTOMIC		2019-01-31	9347	3860	Homo sapiens	ILLUMINA	2019-07-31	SRR8514937	SRS4314371	SRP183096	GSM3587248			Whole Blood			public
miRNA-Seq		151	PRJNA518143	SAMN10855086		GEO	sra	gs s3	gs.US s3.us-east-1		SRX5318525	0	Illumina HiSeq 4000	PAIRED	size fractionation	TRANSCRIPTOMIC		2019-01-31	3816	1584	Homo sapiens	ILLUMINA	2019-07-31	SRR8514938	SRS4314372	SRP183096	GSM3587249			Whole Blood			public
miRNA-Seq		151	PRJNA518143	SAMN10855084		GEO	sra	gs s3	gs.US s3.us-east-1		SRX5318526	0	Illumina HiSeq 4000	PAIRED	size fractionation	TRANSCRIPTOMIC		2019-01-31	5636	2383	Homo sapiens	ILLUMINA	2019-07-31	SRR8514939	SRS4314373	SRP183096	GSM3587250			Whole Blood			public
miRNA-Seq		151	PRJNA518143	SAMN10855082		GEO	sra	gs s3 sra-sos	gs.US s3.us-east-1 sra-sos.be-md sra-sos.st-va		SRX5318527	0	Illumina HiSeq 4000	PAIRED	size fractionation	TRANSCRIPTOMIC		2019-01-31	6033	2668	Homo sapiens	ILLUMINA	2019-07-31	SRR8514940	SRS4314374	SRP183096	GSM3587251			Whole Blood			public
miRNA-Seq		151	PRJNA518143	SAMN10855079		GEO	sra	gs s3	gs.US s3.us-east-1		SRX5318529	0	Illumina HiSeq 4000	PAIRED	size fractionation	TRANSCRIPTOMIC		2019-01-31	2875	1283	Homo sapiens	ILLUMINA	2019-07-31	SRR8514942	SRS4314376	SRP183096	GSM3587253			Whole Blood			public
miRNA-Seq		151	PRJNA518143	SAMN10855078		GEO	sra	gs s3	gs.US s3.us-east-1		SRX5318530	0	Illumina HiSeq 4000	PAIRED	size fractionation	TRANSCRIPTOMIC		2019-01-31	9724	4326	Homo sapiens	ILLUMINA	2019-07-31	SRR8514943	SRS4314377	SRP183096	GSM3587254			Whole Blood			public
miRNA-Seq		151	PRJNA518143	SAMN10855077		GEO	sra	gs s3 sra-sos	gs.US s3.us-east-1 sra-sos.be-md sra-sos.st-va		SRX5318531	0	Illumina HiSeq 4000	PAIRED	size fractionation	TRANSCRIPTOMIC		2019-01-31	26268	11487	Homo sapiens	ILLUMINA	2019-07-31	SRR8514944	SRS4314378	SRP183096	GSM3587255			Whole Blood			public
miRNA-Seq		151	PRJNA518143	SAMN10855076		GEO	sra	gs s3	gs.US s3.us-east-1		SRX5318532	0	Illumina HiSeq 4000	PAIRED	size fractionation	TRANSCRIPTOMIC		2019-01-31	812	372	Homo sapiens	ILLUMINA	2019-07-31	SRR8514945	SRS4314379	SRP183096	GSM3587256			Whole Blood			public
miRNA-Seq		151	PRJNA518143	SAMN10855074		GEO	sra	gs s3 sra-sos	gs.US s3.us-east-1 sra-sos.be-md sra-sos.st-va		SRX5318534	0	Illumina HiSeq 4000	PAIRED	size fractionation	TRANSCRIPTOMIC		2019-01-31	483	215	Homo sapiens	ILLUMINA	2019-07-31	SRR8514947	SRS4314381	SRP183096	GSM3587258			Whole Blood			public
RNA-Seq		150	PRJEB27965	SAMEA4807073		Genomic Technolgies Core Facility University of Manchester	fastq sra	ftp-ena gs s3	gs.US s3.us-east-1	2019-06-05	ERX2730422	200	Illumina HiSeq 4000	PAIRED	RANDOM	TRANSCRIPTOMIC	Sample 10_p	2019-06-09	3925	1586	Homo sapiens	ILLUMINA	2019-06-10	ERR2716259	ERS2626982	ERP110106	SAMEA4807073						public
RNA-Seq		150	PRJEB27965	SAMEA4807074		Genomic Technolgies Core Facility University of Manchester	fastq sra	ftp-ena gs s3	gs.US s3.us-east-1	2019-06-05	ERX2730423	200	Illumina HiSeq 4000	PAIRED	RANDOM	TRANSCRIPTOMIC	Sample 11_p	2019-06-09	4316	1611	Homo sapiens	ILLUMINA	2019-06-10	ERR2716260	ERS2626983	ERP110106	SAMEA4807074						public
RNA-Seq		150	PRJEB27965	SAMEA4807075		Genomic Technolgies Core Facility University of Manchester	fastq sra	ftp-ena gs s3	gs.US s3.us-east-1	2019-06-05	ERX2730424	200	Illumina HiSeq 4000	PAIRED	RANDOM	TRANSCRIPTOMIC	Sample 12_p	2019-06-09	3462	1381	Homo sapiens	ILLUMINA	2019-06-10	ERR2716261	ERS2626984	ERP110106	SAMEA4807075						public
RNA-Seq		150	PRJEB27965	SAMEA4807076		Genomic Technolgies Core Facility University of Manchester	fastq sra	ftp-ena gs s3	gs.US s3.us-east-1	2019-06-05	ERX2730425	200	Illumina HiSeq 4000	PAIRED	RANDOM	TRANSCRIPTOMIC	Sample 7_p	2019-06-09	4219	1582	Homo sapiens	ILLUMINA	2019-06-10	ERR2716262	ERS2626985	ERP110106	SAMEA4807076						public
RNA-Seq		150	PRJEB27965	SAMEA4807077		Genomic Technolgies Core Facility University of Manchester	fastq sra	ftp-ena gs s3	gs.US s3.us-east-1	2019-06-05	ERX2730426	200	Illumina HiSeq 4000	PAIRED	RANDOM	TRANSCRIPTOMIC	Sample 8_p	2019-06-09	3811	1410	Homo sapiens	ILLUMINA	2019-06-10	ERR2716263	ERS2626986	ERP110106	SAMEA4807077						public
RNA-Seq		150	PRJEB27965	SAMEA4807078		Genomic Technolgies Core Facility University of Manchester	fastq sra	ftp-ena gs s3	gs.US s3.us-east-1	2019-06-05	ERX2730427	200	Illumina HiSeq 4000	PAIRED	RANDOM	TRANSCRIPTOMIC	Sample 9_p	2019-06-09	9095	3309	Homo sapiens	ILLUMINA	2019-06-10	ERR2716264	ERS2626987	ERP110106	SAMEA4807078						public
RNA-Seq		150	PRJEB27965	SAMEA4807079		Genomic Technolgies Core Facility University of Manchester	fastq sra	ftp-ena gs s3	gs.US s3.us-east-1	2019-06-05	ERX2730428	200	Illumina HiSeq 4000	PAIRED	RANDOM	TRANSCRIPTOMIC	Sample 1_p	2019-06-09	3127	1165	Homo sapiens	ILLUMINA	2019-06-10	ERR2716265	ERS2626988	ERP110106	SAMEA4807079						public
RNA-Seq		150	PRJEB27965	SAMEA4807080		Genomic Technolgies Core Facility University of Manchester	fastq sra	ftp-ena gs s3	gs.US s3.us-east-1	2019-06-05	ERX2730429	200	Illumina HiSeq 4000	PAIRED	RANDOM	TRANSCRIPTOMIC	Sample 2_p	2019-06-09	3700	1366	Homo sapiens	ILLUMINA	2019-06-10	ERR2716266	ERS2626989	ERP110106	SAMEA4807080						public
RNA-Seq		150	PRJEB27965	SAMEA4807081		Genomic Technolgies Core Facility University of Manchester	fastq sra	ftp-ena gs s3	gs.US s3.us-east-1	2019-06-05	ERX2730430	200	Illumina HiSeq 4000	PAIRED	RANDOM	TRANSCRIPTOMIC	Sample 3_p	2019-06-09	3114	1158	Homo sapiens	ILLUMINA	2019-06-10	ERR2716267	ERS2626990	ERP110106	SAMEA4807081						public
RNA-Seq		150	PRJEB27965	SAMEA4807082		Genomic Technolgies Core Facility University of Manchester	fastq sra	ftp-ena gs s3	gs.US s3.us-east-1	2019-06-05	ERX2730431	200	Illumina HiSeq 4000	PAIRED	RANDOM	TRANSCRIPTOMIC	Sample 4_p	2019-06-09	3856	1415	Homo sapiens	ILLUMINA	2019-06-10	ERR2716268	ERS2626991	ERP110106	SAMEA4807082						public
RNA-Seq		151	PRJEB27965	SAMEA4807083		Genomic Technolgies Core Facility University of Manchester	fastq sra	ftp-ena gs s3	gs.US s3.us-east-1	2019-06-05	ERX2730432	200	Illumina HiSeq 4000	PAIRED	RANDOM	TRANSCRIPTOMIC	Sample 5_p	2019-06-09	3898	1455	Homo sapiens	ILLUMINA	2019-06-10	ERR2716269	ERS2626992	ERP110106	SAMEA4807083						public
RNA-Seq		150	PRJEB27965	SAMEA4807084		Genomic Technolgies Core Facility University of Manchester	fastq sra	ftp-ena gs s3	gs.US s3.us-east-1	2019-06-05	ERX2730433	200	Illumina HiSeq 4000	PAIRED	RANDOM	TRANSCRIPTOMIC	Sample 6_p	2019-06-09	3548	1295	Homo sapiens	ILLUMINA	2019-06-10	ERR2716270	ERS2626993	ERP110106	SAMEA4807084						public
RNA-Seq		149	PRJNA551288	SAMN12143356		GEO	fastq sra	gs s3	gs.US s3.us-east-1		SRX6368696	0	NextSeq 500	SINGLE	cDNA	TRANSCRIPTOMIC		2019-06-27	336	155	Homo sapiens	ILLUMINA	2019-07-02	SRR9603612	SRS5030062	SRP212148	GSM3906672			Whole blood		whole blood	public
RNA-Seq		149	PRJNA551288	SAMN12143355		GEO	fastq sra	gs s3	gs.US s3.us-east-1		SRX6368697	0	NextSeq 500	SINGLE	cDNA	TRANSCRIPTOMIC		2019-06-27	347	160	Homo sapiens	ILLUMINA	2019-07-02	SRR9603613	SRS5030063	SRP212148	GSM3906673			Whole blood		whole blood	public
RNA-Seq		149	PRJNA551288	SAMN12143354		GEO	fastq sra	gs s3	gs.US s3.us-east-1		SRX6368698	0	NextSeq 500	SINGLE	cDNA	TRANSCRIPTOMIC		2019-06-27	321	148	Homo sapiens	ILLUMINA	2019-07-02	SRR9603614	SRS5030064	SRP212148	GSM3906674			Whole blood		whole blood	public
RNA-Seq		149	PRJNA551288	SAMN12143353		GEO	fastq sra	gs s3 sra-sos	gs.US s3.us-east-1 sra-sos.be-md sra-sos.st-va		SRX6368699	0	NextSeq 500	SINGLE	cDNA	TRANSCRIPTOMIC		2019-06-27	366	167	Homo sapiens	ILLUMINA	2019-07-02	SRR9603615	SRS5030065	SRP212148	GSM3906675			Whole blood		whole blood	public
RNA-Seq		149	PRJNA551288	SAMN12143352		GEO	fastq sra	gs s3 sra-sos	gs.US s3.us-east-1 sra-sos.be-md sra-sos.st-va		SRX6368700	0	NextSeq 500	SINGLE	cDNA	TRANSCRIPTOMIC		2019-06-27	334	154	Homo sapiens	ILLUMINA	2019-07-02	SRR9603616	SRS5030066	SRP212148	GSM3906676			Whole blood		whole blood	public
RNA-Seq		149	PRJNA551288	SAMN12143351		GEO	fastq sra	gs s3	gs.US s3.us-east-1		SRX6368701	0	NextSeq 500	SINGLE	cDNA	TRANSCRIPTOMIC		2019-06-27	340	156	Homo sapiens	ILLUMINA	2019-07-02	SRR9603617	SRS5030067	SRP212148	GSM3906677			Whole blood		whole blood	public
RNA-Seq		149	PRJNA551288	SAMN12143350		GEO	fastq sra	gs s3 sra-sos	gs.US s3.us-east-1 sra-sos.be-md sra-sos.st-va		SRX6368702	0	NextSeq 500	SINGLE	cDNA	TRANSCRIPTOMIC		2019-06-27	325	150	Homo sapiens	ILLUMINA	2019-07-02	SRR9603618	SRS5030068	SRP212148	GSM3906678			Whole blood		whole blood	public
RNA-Seq		149	PRJNA551288	SAMN12143349		GEO	fastq sra	gs s3	gs.US s3.us-east-1		SRX6368703	0	NextSeq 500	SINGLE	cDNA	TRANSCRIPTOMIC		2019-06-27	358	164	Homo sapiens	ILLUMINA	2019-07-02	SRR9603619	SRS5030069	SRP212148	GSM3906679			Whole blood		whole blood	public
RNA-Seq		49	PRJNA600019	SAMN13780918		GEO	fastq sra	gs s3	gs.US s3.us-east-1		SRX7523711	0	Illumina HiSeq 3000	SINGLE	cDNA	TRANSCRIPTOMIC		2020-01-08	2011	737	Homo sapiens	ILLUMINA	2020-02-04	SRR10853320	SRS5963243	SRP240643	GSM4257119			Muscle		Muscle	public
RNA-Seq		49	PRJNA600019	SAMN13780917		GEO	fastq sra	gs s3	gs.US s3.us-east-1		SRX7523712	0	Illumina HiSeq 3000	SINGLE	cDNA	TRANSCRIPTOMIC		2020-01-08	3477	1342	Homo sapiens	ILLUMINA	2020-02-04	SRR10853321	SRS5963244	SRP240643	GSM4257120			Muscle		Muscle	public
RNA-Seq		49	PRJNA600019	SAMN13780916		GEO	fastq sra	gs s3	gs.US s3.us-east-1		SRX7523713	0	Illumina HiSeq 3000	SINGLE	cDNA	TRANSCRIPTOMIC		2020-01-08	2333	934	Homo sapiens	ILLUMINA	2020-02-04	SRR10853322	SRS5963245	SRP240643	GSM4257121			Muscle		Muscle	public
RNA-Seq		49	PRJNA600019	SAMN13780915		GEO	fastq sra	gs s3	gs.US s3.us-east-1		SRX7523714	0	Illumina HiSeq 3000	SINGLE	cDNA	TRANSCRIPTOMIC		2020-01-08	2219	885	Homo sapiens	ILLUMINA	2020-02-04	SRR10853323	SRS5963246	SRP240643	GSM4257122			Muscle		Muscle	public
RNA-Seq		49	PRJNA600019	SAMN13780979		GEO	fastq sra	gs s3	gs.US s3.us-east-1		SRX7523715	0	Illumina HiSeq 3000	SINGLE	cDNA	TRANSCRIPTOMIC		2020-01-08	2571	1028	Homo sapiens	ILLUMINA	2020-02-04	SRR10853324	SRS5963247	SRP240643	GSM4257123			Muscle		Muscle	public
RNA-Seq		49	PRJNA600019	SAMN13780978		GEO	fastq sra	gs s3	gs.US s3.us-east-1		SRX7523716	0	Illumina HiSeq 3000	SINGLE	cDNA	TRANSCRIPTOMIC		2020-01-08	1983	765	Homo sapiens	ILLUMINA	2020-02-04	SRR10853325	SRS5963248	SRP240643	GSM4257124			Muscle		Muscle	public
RNA-Seq		49	PRJNA600019	SAMN13780977		GEO	fastq sra	gs s3	gs.US s3.us-east-1		SRX7523717	0	Illumina HiSeq 3000	SINGLE	cDNA	TRANSCRIPTOMIC		2020-01-08	2482	962	Homo sapiens	ILLUMINA	2020-02-04	SRR10853326	SRS5963249	SRP240643	GSM4257125			Muscle		Muscle	public
RNA-Seq		49	PRJNA600019	SAMN13780976		GEO	fastq sra	gs s3	gs.US s3.us-east-1		SRX7523718	0	Illumina HiSeq 3000	SINGLE	cDNA	TRANSCRIPTOMIC		2020-01-08	2417	934	Homo sapiens	ILLUMINA	2020-02-04	SRR10853327	SRS5963250	SRP240643	GSM4257126			Muscle		Muscle	public
RNA-Seq		49	PRJNA600019	SAMN13780975		GEO	fastq sra	gs s3	gs.US s3.us-east-1		SRX7523719	0	Illumina HiSeq 3000	SINGLE	cDNA	TRANSCRIPTOMIC		2020-01-08	2477	903	Homo sapiens	ILLUMINA	2020-02-04	SRR10853328	SRS5963251	SRP240643	GSM4257127			Muscle		Muscle	public
RNA-Seq		49	PRJNA600019	SAMN13780974		GEO	fastq sra	gs s3	gs.US s3.us-east-1		SRX7523720	0	Illumina HiSeq 3000	SINGLE	cDNA	TRANSCRIPTOMIC		2020-01-08	2521	948	Homo sapiens	ILLUMINA	2020-02-04	SRR10853329	SRS5963252	SRP240643	GSM4257128			Muscle		Muscle	public
RNA-Seq		49	PRJNA600019	SAMN13780973		GEO	fastq sra	gs s3	gs.US s3.us-east-1		SRX7523721	0	Illumina HiSeq 3000	SINGLE	cDNA	TRANSCRIPTOMIC		2020-01-08	2179	786	Homo sapiens	ILLUMINA	2020-02-04	SRR10853330	SRS5963253	SRP240643	GSM4257129			Muscle		Muscle	public
RNA-Seq		49	PRJNA600019	SAMN13780972		GEO	fastq sra	gs s3	gs.US s3.us-east-1		SRX7523722	0	Illumina HiSeq 3000	SINGLE	cDNA	TRANSCRIPTOMIC		2020-01-08	2354	943	Homo sapiens	ILLUMINA	2020-02-04	SRR10853331	SRS5963254	SRP240643	GSM4257130			Muscle		Muscle	public
RNA-Seq		48	PRJNA600019	SAMN13780971		GEO	fastq sra	gs s3	gs.US s3.us-east-1		SRX7523723	0	Illumina HiSeq 3000	SINGLE	cDNA	TRANSCRIPTOMIC		2020-01-08	2477	901	Homo sapiens	ILLUMINA	2020-02-04	SRR10853332	SRS5963255	SRP240643	GSM4257131			Muscle		Muscle	public
RNA-Seq		49	PRJNA600019	SAMN13780970		GEO	fastq sra	gs s3	gs.US s3.us-east-1		SRX7523724	0	Illumina HiSeq 3000	SINGLE	cDNA	TRANSCRIPTOMIC		2020-01-08	4195	1520	Homo sapiens	ILLUMINA	2020-02-04	SRR10853333	SRS5963256	SRP240643	GSM4257132			Muscle		Muscle	public
RNA-Seq		49	PRJNA600019	SAMN13780969		GEO	fastq sra	gs s3	gs.US s3.us-east-1		SRX7523725	0	Illumina HiSeq 3000	SINGLE	cDNA	TRANSCRIPTOMIC		2020-01-08	2127	774	Homo sapiens	ILLUMINA	2020-02-04	SRR10853334	SRS5963257	SRP240643	GSM4257133			Muscle		Muscle	public
RNA-Seq		49	PRJNA600019	SAMN13780968		GEO	fastq sra	gs s3	gs.US s3.us-east-1		SRX7523726	0	Illumina HiSeq 3000	SINGLE	cDNA	TRANSCRIPTOMIC		2020-01-08	2011	856	Homo sapiens	ILLUMINA	2020-02-04	SRR10853335	SRS5963258	SRP240643	GSM4257134			Muscle		Muscle	public
RNA-Seq		49	PRJNA600019	SAMN13780967		GEO	fastq sra	gs s3	gs.US s3.us-east-1		SRX7523727	0	Illumina HiSeq 3000	SINGLE	cDNA	TRANSCRIPTOMIC		2020-01-08	6428	2341	Homo sapiens	ILLUMINA	2020-02-04	SRR10853336	SRS5963259	SRP240643	GSM4257135			Muscle		Muscle	public
RNA-Seq		49	PRJNA600019	SAMN13780966		GEO	fastq sra	gs s3	gs.US s3.us-east-1		SRX7523728	0	Illumina HiSeq 3000	SINGLE	cDNA	TRANSCRIPTOMIC		2020-01-08	1948	777	Homo sapiens	ILLUMINA	2020-02-04	SRR10853337	SRS5963260	SRP240643	GSM4257136			Muscle		Muscle	public
RNA-Seq		49	PRJNA600019	SAMN13780886		GEO	fastq sra	gs s3	gs.US s3.us-east-1		SRX7523729	0	Illumina HiSeq 3000	SINGLE	cDNA	TRANSCRIPTOMIC		2020-01-08	3124	1203	Homo sapiens	ILLUMINA	2020-02-04	SRR10853338	SRS5963261	SRP240643	GSM4257137			Muscle		Muscle	public
RNA-Seq		49	PRJNA600019	SAMN13780892		GEO	fastq sra	gs s3	gs.US s3.us-east-1		SRX7523730	0	Illumina HiSeq 3000	SINGLE	cDNA	TRANSCRIPTOMIC		2020-01-08	1435	575	Homo sapiens	ILLUMINA	2020-02-04	SRR10853339	SRS5963262	SRP240643	GSM4257138			Muscle		Muscle	public
RNA-Seq		49	PRJNA600019	SAMN13780891		GEO	fastq sra	gs s3	gs.US s3.us-east-1		SRX7523731	0	Illumina HiSeq 3000	SINGLE	cDNA	TRANSCRIPTOMIC		2020-01-08	2824	1094	Homo sapiens	ILLUMINA	2020-02-04	SRR10853340	SRS5963263	SRP240643	GSM4257139			Muscle		Muscle	public
RNA-Seq		49	PRJNA600019	SAMN13780890		GEO	fastq sra	gs s3	gs.US s3.us-east-1		SRX7523732	0	Illumina HiSeq 3000	SINGLE	cDNA	TRANSCRIPTOMIC		2020-01-08	2386	868	Homo sapiens	ILLUMINA	2020-02-04	SRR10853341	SRS5963264	SRP240643	GSM4257140			Muscle		Muscle	public
RNA-Seq		47	PRJNA600019	SAMN13780889		GEO	fastq sra	gs s3	gs.US s3.us-east-1		SRX7523733	0	Illumina HiSeq 3000	SINGLE	cDNA	TRANSCRIPTOMIC		2020-01-08	1833	750	Homo sapiens	ILLUMINA	2020-02-04	SRR10853342	SRS5963265	SRP240643	GSM4257141			Muscle		Muscle	public
RNA-Seq		49	PRJNA600019	SAMN13780888		GEO	fastq sra	gs s3	gs.US s3.us-east-1		SRX7523734	0	Illumina HiSeq 3000	SINGLE	cDNA	TRANSCRIPTOMIC		2020-01-08	1503	627	Homo sapiens	ILLUMINA	2020-02-04	SRR10853343	SRS5963266	SRP240643	GSM4257142			Muscle		Muscle	public
RNA-Seq		49	PRJNA600019	SAMN13780887		GEO	fastq sra	gs s3	gs.US s3.us-east-1		SRX7523735	0	Illumina HiSeq 3000	SINGLE	cDNA	TRANSCRIPTOMIC		2020-01-08	2643	958	Homo sapiens	ILLUMINA	2020-02-04	SRR10853344	SRS5963267	SRP240643	GSM4257143			Muscle		Muscle	public
RNA-Seq		49	PRJNA600019	SAMN13780885		GEO	fastq sra	gs s3	gs.US s3.us-east-1		SRX7523736	0	Illumina HiSeq 3000	SINGLE	cDNA	TRANSCRIPTOMIC		2020-01-08	2295	836	Homo sapiens	ILLUMINA	2020-02-04	SRR10853345	SRS5963268	SRP240643	GSM4257144			Muscle		Muscle	public
RNA-Seq		49	PRJNA600019	SAMN13780884		GEO	fastq sra	gs s3	gs.US s3.us-east-1		SRX7523737	0	Illumina HiSeq 3000	SINGLE	cDNA	TRANSCRIPTOMIC		2020-01-08	2565	928	Homo sapiens	ILLUMINA	2020-02-04	SRR10853346	SRS5963269	SRP240643	GSM4257145			Muscle		Muscle	public
RNA-Seq		49	PRJNA600019	SAMN13780883		GEO	fastq sra	gs s3	gs.US s3.us-east-1		SRX7523738	0	Illumina HiSeq 3000	SINGLE	cDNA	TRANSCRIPTOMIC		2020-01-08	2385	922	Homo sapiens	ILLUMINA	2020-02-04	SRR10853347	SRS5963270	SRP240643	GSM4257146			Muscle		Muscle	public
RNA-Seq		49	PRJNA600019	SAMN13780882		GEO	fastq sra	gs s3	gs.US s3.us-east-1		SRX7523739	0	Illumina HiSeq 3000	SINGLE	cDNA	TRANSCRIPTOMIC		2020-01-08	3485	1518	Homo sapiens	ILLUMINA	2020-02-04	SRR10853348	SRS5963271	SRP240643	GSM4257147			Muscle		Muscle	public
RNA-Seq		48	PRJNA600019	SAMN13780881		GEO	fastq sra	gs s3	gs.US s3.us-east-1		SRX7523740	0	Illumina HiSeq 3000	SINGLE	cDNA	TRANSCRIPTOMIC		2020-01-08	2271	920	Homo sapiens	ILLUMINA	2020-02-04	SRR10853349	SRS5963272	SRP240643	GSM4257148			Muscle		Muscle	public
RNA-Seq		49	PRJNA600019	SAMN13780880		GEO	fastq sra	gs s3	gs.US s3.us-east-1		SRX7523741	0	Illumina HiSeq 3000	SINGLE	cDNA	TRANSCRIPTOMIC		2020-01-08	2129	824	Homo sapiens	ILLUMINA	2020-02-04	SRR10853350	SRS5963273	SRP240643	GSM4257149			Muscle		Muscle	public
RNA-Seq		49	PRJNA600019	SAMN13780879		GEO	fastq sra	gs s3	gs.US s3.us-east-1		SRX7523742	0	Illumina HiSeq 3000	SINGLE	cDNA	TRANSCRIPTOMIC		2020-01-08	2600	1039	Homo sapiens	ILLUMINA	2020-02-04	SRR10853351	SRS5963274	SRP240643	GSM4257150			Muscle		Muscle	public
RNA-Seq		41	PRJNA600019	SAMN13780965		GEO	fastq sra	gs s3	gs.US s3.us-east-1		SRX7523743	0	Illumina HiSeq 3000	SINGLE	cDNA	TRANSCRIPTOMIC		2020-01-08	1642	537	Homo sapiens	ILLUMINA	2020-02-04	SRR10853352	SRS5963275	SRP240643	GSM4257151			Muscle		Muscle	public
RNA-Seq		49	PRJNA600019	SAMN13780964		GEO	fastq sra	gs s3	gs.US s3.us-east-1		SRX7523744	0	Illumina HiSeq 3000	SINGLE	cDNA	TRANSCRIPTOMIC		2020-01-08	2660	1026	Homo sapiens	ILLUMINA	2020-02-04	SRR10853353	SRS5963276	SRP240643	GSM4257152			Muscle		Muscle	public
RNA-Seq		49	PRJNA600019	SAMN13780963		GEO	fastq sra	gs s3	gs.US s3.us-east-1		SRX7523745	0	Illumina HiSeq 3000	SINGLE	cDNA	TRANSCRIPTOMIC		2020-01-08	2956	1141	Homo sapiens	ILLUMINA	2020-02-04	SRR10853354	SRS5963277	SRP240643	GSM4257153			Muscle		Muscle	public
RNA-Seq		49	PRJNA600019	SAMN13780962		GEO	fastq sra	gs s3	gs.US s3.us-east-1		SRX7523746	0	Illumina HiSeq 3000	SINGLE	cDNA	TRANSCRIPTOMIC		2020-01-08	1983	1345	Homo sapiens	ILLUMINA	2020-02-04	SRR10853355	SRS5963278	SRP240643	GSM4257154			Muscle		Muscle	public
RNA-Seq		49	PRJNA600019	SAMN13780961		GEO	fastq sra	gs s3	gs.US s3.us-east-1		SRX7523747	0	Illumina HiSeq 3000	SINGLE	cDNA	TRANSCRIPTOMIC		2020-01-08	1858	1268	Homo sapiens	ILLUMINA	2020-02-04	SRR10853356	SRS5963279	SRP240643	GSM4257155			Muscle		Muscle	public
RNA-Seq		49	PRJNA600019	SAMN13780960		GEO	fastq sra	gs s3	gs.US s3.us-east-1		SRX7523748	0	Illumina HiSeq 3000	SINGLE	cDNA	TRANSCRIPTOMIC		2020-01-08	1729	1177	Homo sapiens	ILLUMINA	2020-02-04	SRR10853357	SRS5963280	SRP240643	GSM4257156			Muscle		Muscle	public
RNA-Seq		49	PRJNA600019	SAMN13780959		GEO	fastq sra	gs s3	gs.US s3.us-east-1		SRX7523749	0	Illumina HiSeq 3000	SINGLE	cDNA	TRANSCRIPTOMIC		2020-01-08	2527	1011	Homo sapiens	ILLUMINA	2020-02-04	SRR10853358	SRS5963281	SRP240643	GSM4257157			Muscle		Muscle	public
RNA-Seq		75	PRJNA602750	SAMN13906934		GEO	fastq sra	gs s3	gs.US s3.us-east-1		SRX7620814	0	NextSeq 550	SINGLE	cDNA	TRANSCRIPTOMIC		2020-01-22	4834	1557	Streptococcus pyogenes	ILLUMINA	2020-02-27	SRR10954321	SRS6053196	SRP244103	GSM4279867	In vitro	Mid-exponential (ME, OD600nm=0.5)	cell pellet	MGAS2221 (THY)		public
RNA-Seq		75	PRJNA602750	SAMN13906933		GEO	fastq sra	gs s3	gs.US s3.us-east-1		SRX7620815	0	NextSeq 550	SINGLE	cDNA	TRANSCRIPTOMIC		2020-01-22	7901	2685	Streptococcus pyogenes	ILLUMINA	2020-02-27	SRR10954322	SRS6053197	SRP244103	GSM4279868	In vitro	Mid-exponential (ME, OD600nm=0.5)	cell pellet	MGAS2221 (THY)		public
RNA-Seq		75	PRJNA602750	SAMN13906931		GEO	fastq sra	gs s3	gs.US s3.us-east-1		SRX7620816	0	NextSeq 550	SINGLE	cDNA	TRANSCRIPTOMIC		2020-01-22	6631	2288	Streptococcus pyogenes	ILLUMINA	2020-02-27	SRR10954323	SRS6053198	SRP244103	GSM4279869	In vitro	Mid-exponential (ME, OD600nm=0.5)	cell pellet	MGAS2221 (THY)		public
RNA-Seq		75	PRJNA602750	SAMN13906930		GEO	fastq sra	gs s3	gs.US s3.us-east-1		SRX7620817	0	NextSeq 550	SINGLE	cDNA	TRANSCRIPTOMIC		2020-01-22	5279	1787	Streptococcus pyogenes	ILLUMINA	2020-02-27	SRR10954324	SRS6053199	SRP244103	GSM4279870	In vitro	Early-stationary (ES, OD600nm=1.5)	cell pellet	MGAS2221 (THY)		public
RNA-Seq		75	PRJNA602750	SAMN13906929		GEO	fastq sra	gs s3	gs.US s3.us-east-1		SRX7620818	0	NextSeq 550	SINGLE	cDNA	TRANSCRIPTOMIC		2020-01-22	5095	1743	Streptococcus pyogenes	ILLUMINA	2020-02-27	SRR10954325	SRS6053200	SRP244103	GSM4279871	In vitro	Early-stationary (ES, OD600nm=1.5)	cell pellet	MGAS2221 (THY)		public
RNA-Seq		75	PRJNA602750	SAMN13906928		GEO	fastq sra	gs s3	gs.US s3.us-east-1		SRX7620819	0	NextSeq 550	SINGLE	cDNA	TRANSCRIPTOMIC		2020-01-22	5152	1755	Streptococcus pyogenes	ILLUMINA	2020-02-27	SRR10954326	SRS6053201	SRP244103	GSM4279872	In vitro	Early-stationary (ES, OD600nm=1.5)	cell pellet	MGAS2221 (THY)		public
RNA-Seq		75	PRJNA602750	SAMN13906927		GEO	fastq sra	gs s3	gs.US s3.us-east-1		SRX7620820	0	NextSeq 550	SINGLE	cDNA	TRANSCRIPTOMIC		2020-01-23	30075	10141	Streptococcus pyogenes	ILLUMINA	2020-02-27	SRR10954327	SRS6053202	SRP244103	GSM4279873	In vivo	Collected 24 h post-inoculation	Skeletal muscle infected tissue section	MGAS2221 (infected NHP skeletal muscle tissue)		public
RNA-Seq		75	PRJNA602750	SAMN13906926		GEO	fastq sra	gs s3	gs.US s3.us-east-1		SRX7620821	0	NextSeq 550	SINGLE	cDNA	TRANSCRIPTOMIC		2020-01-23	29122	9838	Streptococcus pyogenes	ILLUMINA	2020-02-27	SRR10954328	SRS6053203	SRP244103	GSM4279874	In vivo	Collected 24 h post-inoculation	Skeletal muscle infected tissue section	MGAS2221 (infected NHP skeletal muscle tissue)		public
RNA-Seq		75	PRJNA602750	SAMN13906925		GEO	fastq sra	gs s3	gs.US s3.us-east-1		SRX7620822	0	NextSeq 550	SINGLE	cDNA	TRANSCRIPTOMIC		2020-01-23	26972	9133	Streptococcus pyogenes	ILLUMINA	2020-02-27	SRR10954329	SRS6053204	SRP244103	GSM4279875	In vivo	Collected 24 h post-inoculation	Skeletal muscle infected tissue section	MGAS2221 (infected NHP skeletal muscle tissue)		public
RNA-Seq		75	PRJNA602750	SAMN13906924		GEO	fastq sra	gs s3	gs.US s3.us-east-1		SRX7620823	0	NextSeq 550	SINGLE	cDNA	TRANSCRIPTOMIC		2020-01-23	28511	9505	Streptococcus pyogenes	ILLUMINA	2020-02-27	SRR10954330	SRS6053205	SRP244103	GSM4279876	In vivo	Collected 24 h post-inoculation	Skeletal muscle infected tissue section	MGAS2221 (infected NHP skeletal muscle tissue)		public
RNA-Seq		75	PRJNA602750	SAMN13906922		GEO	fastq sra	gs s3	gs.US s3.us-east-1		SRX7620824	0	NextSeq 550	SINGLE	cDNA	TRANSCRIPTOMIC		2020-01-23	34421	11754	Streptococcus pyogenes	ILLUMINA	2020-02-27	SRR10954331	SRS6053206	SRP244103	GSM4279877	In vivo	Collected 24 h post-inoculation	Skeletal muscle infected tissue section	MGAS2221 (infected NHP skeletal muscle tissue)		public
RNA-Seq		75	PRJNA602750	SAMN13906921		GEO	fastq sra	gs s3	gs.US s3.us-east-1		SRX7620825	0	NextSeq 550	SINGLE	cDNA	TRANSCRIPTOMIC		2020-01-22	9988	3425	Streptococcus pyogenes	ILLUMINA	2020-02-27	SRR10954332	SRS6053207	SRP244103	GSM4279878	In vivo	Collected 24 h post-inoculation	Skeletal muscle infected tissue section	MGAS2221 (infected NHP skeletal muscle tissue)		public
RNA-Seq		75	PRJNA602750	SAMN13906920		GEO	fastq sra	gs s3	gs.US s3.us-east-1		SRX7620826	0	NextSeq 550	SINGLE	cDNA	TRANSCRIPTOMIC		2020-01-22	9548	3321	Streptococcus pyogenes	ILLUMINA	2020-02-27	SRR10954333	SRS6053208	SRP244103	GSM4279879	In vivo	Collected 24 h post-inoculation	Skeletal muscle infected tissue section	MGAS2221 (infected NHP skeletal muscle tissue)		public
RNA-Seq		75	PRJNA602750	SAMN13906919		GEO	fastq sra	gs s3	gs.US s3.us-east-1		SRX7620827	0	NextSeq 550	SINGLE	cDNA	TRANSCRIPTOMIC		2020-01-22	5614	1958	Streptococcus pyogenes	ILLUMINA	2020-02-27	SRR10954334	SRS6053209	SRP244103	GSM4279880	In vivo	Collected 24 h post-inoculation	Skeletal muscle infected tissue section	MGAS2221 (infected NHP skeletal muscle tissue)		public
RNA-Seq		75	PRJNA602750	SAMN13906918		GEO	fastq sra	gs s3	gs.US s3.us-east-1		SRX7620828	0	NextSeq 550	SINGLE	cDNA	TRANSCRIPTOMIC		2020-01-22	10772	3781	Streptococcus pyogenes	ILLUMINA	2020-02-27	SRR10954335	SRS6053210	SRP244103	GSM4279881	In vivo	Collected 24 h post-inoculation	Skeletal muscle infected tissue section	MGAS2221 (infected NHP skeletal muscle tissue)		public
RNA-Seq		75	PRJNA602750	SAMN13906960		GEO	fastq sra	gs s3	gs.US s3.us-east-1		SRX7620829	0	NextSeq 550	SINGLE	cDNA	TRANSCRIPTOMIC		2020-01-22	10572	3744	Streptococcus pyogenes	ILLUMINA	2020-02-27	SRR10954336	SRS6053211	SRP244103	GSM4279882	In vivo	Collected 24 h post-inoculation	Skeletal muscle infected tissue section	MGAS2221 (infected NHP skeletal muscle tissue)		public
RNA-Seq		75	PRJNA602750	SAMN13906959		GEO	fastq sra	gs s3	gs.US s3.us-east-1		SRX7620830	0	NextSeq 550	SINGLE	cDNA	TRANSCRIPTOMIC		2020-01-22	7586	2553	Streptococcus pyogenes	ILLUMINA	2020-02-27	SRR10954337	SRS6053212	SRP244103	GSM4279883	In vivo	Collected 24 h post-inoculation	Skeletal muscle infected tissue section	MGAS2221 (infected NHP skeletal muscle tissue)		public
RNA-Seq		75	PRJNA602750	SAMN13906958		GEO	fastq sra	gs s3	gs.US s3.us-east-1		SRX7620831	0	NextSeq 550	SINGLE	cDNA	TRANSCRIPTOMIC		2020-01-23	11175	3976	Streptococcus pyogenes	ILLUMINA	2020-02-27	SRR10954338	SRS6053213	SRP244103	GSM4279884	In vivo	Collected 24 h post-inoculation	Skeletal muscle infected tissue section	MGAS2221 (infected NHP skeletal muscle tissue)		public
RNA-Seq		75	PRJNA602750	SAMN13906917		GEO	fastq sra	gs s3	gs.US s3.us-east-1		SRX7620832	0	NextSeq 550	SINGLE	cDNA	TRANSCRIPTOMIC		2020-01-23	9064	3186	Streptococcus pyogenes	ILLUMINA	2020-02-27	SRR10954339	SRS6053214	SRP244103	GSM4279885	In vivo	Collected 24 h post-inoculation	Skeletal muscle infected tissue section	MGAS2221 (infected NHP skeletal muscle tissue)		public
RNA-Seq		75	PRJNA602750	SAMN13906916		GEO	fastq sra	gs s3	gs.US s3.us-east-1		SRX7620833	0	NextSeq 550	SINGLE	cDNA	TRANSCRIPTOMIC		2020-01-23	12202	4255	Streptococcus pyogenes	ILLUMINA	2020-02-27	SRR10954340	SRS6053215	SRP244103	GSM4279886	In vivo	Collected 24 h post-inoculation	Skeletal muscle infected tissue section	MGAS2221 (infected NHP skeletal muscle tissue)		public
RNA-Seq		75	PRJNA602750	SAMN13906915		GEO	fastq sra	gs s3	gs.US s3.us-east-1		SRX7620834	0	NextSeq 550	SINGLE	cDNA	TRANSCRIPTOMIC		2020-01-22	9157	3119	Streptococcus pyogenes	ILLUMINA	2020-02-27	SRR10954341	SRS6053216	SRP244103	GSM4279887	In vivo	Collected 24 h post-inoculation	Skeletal muscle infected tissue section	MGAS2221 (infected NHP skeletal muscle tissue)		public
RNA-Seq		75	PRJNA602750	SAMN13906962		GEO	fastq sra	gs s3	gs.US s3.us-east-1		SRX7620835	0	NextSeq 550	SINGLE	cDNA	TRANSCRIPTOMIC		2020-01-24	149103	50376	Streptococcus pyogenes	ILLUMINA	2020-02-27	SRR10954342	SRS6053217	SRP244103	GSM4279888	In vivo	Collected 24 h post-inoculation	Combined skeletal muscle infected tissue sections	MGAS2221 (infected NHP skeletal muscle tissue)		public
RNA-Seq		75	PRJNA602750	SAMN13906961		GEO	fastq sra	gs s3	gs.US s3.us-east-1		SRX7620836	0	NextSeq 550	SINGLE	cDNA	TRANSCRIPTOMIC		2020-01-23	46497	16235	Streptococcus pyogenes	ILLUMINA	2020-02-27	SRR10954343	SRS6053218	SRP244103	GSM4279889	In vivo	Collected 24 h post-inoculation	Combined skeletal muscle infected tissue sections	MGAS2221 (infected NHP skeletal muscle tissue)		public
RNA-Seq		75	PRJNA602750	SAMN13906957		GEO	fastq sra	gs s3	gs.US s3.us-east-1		SRX7620837	0	NextSeq 550	SINGLE	cDNA	TRANSCRIPTOMIC		2020-01-23	49187	17095	Streptococcus pyogenes	ILLUMINA	2020-02-27	SRR10954344	SRS6053219	SRP244103	GSM4279890	In vivo	Collected 24 h post-inoculation	Combined skeletal muscle infected tissue sections	MGAS2221 (infected NHP skeletal muscle tissue)		public
RNA-Seq		75	PRJNA602750	SAMN13906956		GEO	fastq sra	gs s3	gs.US s3.us-east-1		SRX7620838	0	NextSeq 550	SINGLE	cDNA	TRANSCRIPTOMIC		2020-01-22	10318	3625	Macaca fascicularis	ILLUMINA	2020-02-27	SRR10954345	SRS6053220	SRP244103	GSM4279891	In vivo	Collected 24 h post-mock-inoculation	Skeletal muscle mock-infected tissue section	None (Mock-infected NHP skeletal muscle tissue)		public
RNA-Seq		75	PRJNA602750	SAMN13906955		GEO	fastq sra	gs s3	gs.US s3.us-east-1		SRX7620839	0	NextSeq 550	SINGLE	cDNA	TRANSCRIPTOMIC		2020-01-22	8917	3105	Macaca fascicularis	ILLUMINA	2020-02-27	SRR10954346	SRS6053221	SRP244103	GSM4279892	In vivo	Collected 24 h post-mock-inoculation	Skeletal muscle mock-infected tissue section	None (Mock-infected NHP skeletal muscle tissue)		public
RNA-Seq		75	PRJNA602750	SAMN13906954		GEO	fastq sra	gs s3	gs.US s3.us-east-1		SRX7620840	0	NextSeq 550	SINGLE	cDNA	TRANSCRIPTOMIC		2020-01-22	8733	2866	Macaca fascicularis	ILLUMINA	2020-02-27	SRR10954347	SRS6053222	SRP244103	GSM4279893	In vivo	Collected 24 h post-mock-inoculation	Skeletal muscle mock-infected tissue section	None (Mock-infected NHP skeletal muscle tissue)		public
RNA-Seq		75	PRJNA602750	SAMN13906953		GEO	fastq sra	gs s3	gs.US s3.us-east-1		SRX7620841	0	NextSeq 550	SINGLE	cDNA	TRANSCRIPTOMIC		2020-01-22	7731	2671	Macaca fascicularis	ILLUMINA	2020-02-27	SRR10954348	SRS6053223	SRP244103	GSM4279894	In vivo	Collected 24 h post-mock-inoculation	Skeletal muscle mock-infected tissue section	None (Mock-infected NHP skeletal muscle tissue)		public
RNA-Seq		75	PRJNA602750	SAMN13906951		GEO	fastq sra	gs s3	gs.US s3.us-east-1		SRX7620842	0	NextSeq 550	SINGLE	cDNA	TRANSCRIPTOMIC		2020-01-22	9098	3073	Macaca fascicularis	ILLUMINA	2020-02-27	SRR10954349	SRS6053224	SRP244103	GSM4279895	In vivo	Collected 24 h post-mock-inoculation	Skeletal muscle mock-infected tissue section	None (Mock-infected NHP skeletal muscle tissue)		public
RNA-Seq		75	PRJNA602750	SAMN13906950		GEO	fastq sra	gs s3	gs.US s3.us-east-1		SRX7620843	0	NextSeq 550	SINGLE	cDNA	TRANSCRIPTOMIC		2020-01-22	9378	3208	Macaca fascicularis	ILLUMINA	2020-02-27	SRR10954350	SRS6053225	SRP244103	GSM4279896	In vivo	Collected 24 h post-mock-inoculation	Skeletal muscle mock-infected tissue section	None (Mock-infected NHP skeletal muscle tissue)		public
RNA-Seq		75	PRJNA602750	SAMN13906949		GEO	fastq sra	gs s3	gs.US s3.us-east-1		SRX7620844	0	NextSeq 550	SINGLE	cDNA	TRANSCRIPTOMIC		2020-01-22	10693	3705	Macaca fascicularis	ILLUMINA	2020-02-27	SRR10954351	SRS6053226	SRP244103	GSM4279897	In vivo	Collected 24 h post-mock-inoculation	Skeletal muscle mock-infected tissue section	None (Mock-infected NHP skeletal muscle tissue)		public
RNA-Seq		75	PRJNA602750	SAMN13906947		GEO	fastq sra	gs s3	gs.US s3.us-east-1		SRX7620845	0	NextSeq 550	SINGLE	cDNA	TRANSCRIPTOMIC		2020-01-23	10255	3702	Macaca fascicularis	ILLUMINA	2020-02-27	SRR10954352	SRS6053227	SRP244103	GSM4279898	In vivo	Collected 24 h post-mock-inoculation	Skeletal muscle mock-infected tissue section	None (Mock-infected NHP skeletal muscle tissue)		public
RNA-Seq		75	PRJNA602750	SAMN13906946		GEO	fastq sra	gs s3	gs.US s3.us-east-1		SRX7620846	0	NextSeq 550	SINGLE	cDNA	TRANSCRIPTOMIC		2020-01-22	9188	3314	Macaca fascicularis	ILLUMINA	2020-02-27	SRR10954353	SRS6053228	SRP244103	GSM4279899	In vivo	Collected 24 h post-mock-inoculation	Skeletal muscle mock-infected tissue section	None (Mock-infected NHP skeletal muscle tissue)		public
RNA-Seq		75	PRJNA602750	SAMN13906945		GEO	fastq sra	gs s3	gs.US s3.us-east-1		SRX7620847	0	NextSeq 550	SINGLE	cDNA	TRANSCRIPTOMIC		2020-01-22	9742	3378	Macaca fascicularis	ILLUMINA	2020-02-27	SRR10954354	SRS6053229	SRP244103	GSM4279900	In vivo	Collected 24 h post-mock-inoculation	Skeletal muscle mock-infected tissue section	None (Mock-infected NHP skeletal muscle tissue)		public
RNA-Seq		75	PRJNA602750	SAMN13906944		GEO	fastq sra	gs s3	gs.US s3.us-east-1		SRX7620848	0	NextSeq 550	SINGLE	cDNA	TRANSCRIPTOMIC		2020-01-23	10312	3728	Macaca fascicularis	ILLUMINA	2020-02-27	SRR10954355	SRS6053230	SRP244103	GSM4279901	In vivo	Collected 24 h post-mock-inoculation	Skeletal muscle mock-infected tissue section	None (Mock-infected NHP skeletal muscle tissue)		public
RNA-Seq		75	PRJNA602750	SAMN13906942		GEO	fastq sra	gs s3	gs.US s3.us-east-1		SRX7620849	0	NextSeq 550	SINGLE	cDNA	TRANSCRIPTOMIC		2020-01-22	8447	2879	Macaca fascicularis	ILLUMINA	2020-02-27	SRR10954356	SRS6053231	SRP244103	GSM4279902	In vivo	Collected 24 h post-mock-inoculation	Skeletal muscle mock-infected tissue section	None (Mock-infected NHP skeletal muscle tissue)		public
RNA-Seq		75	PRJNA602750	SAMN13906941		GEO	fastq sra	gs s3	gs.US s3.us-east-1		SRX7620850	0	NextSeq 550	SINGLE	cDNA	TRANSCRIPTOMIC		2020-01-23	11872	4198	Macaca fascicularis	ILLUMINA	2020-02-27	SRR10954357	SRS6053232	SRP244103	GSM4279903	In vivo	Collected 24 h post-mock-inoculation	Skeletal muscle mock-infected tissue section	None (Mock-infected NHP skeletal muscle tissue)		public
RNA-Seq		75	PRJNA602750	SAMN13906940		GEO	fastq sra	gs s3	gs.US s3.us-east-1		SRX7620851	0	NextSeq 550	SINGLE	cDNA	TRANSCRIPTOMIC		2020-01-22	10149	3517	Macaca fascicularis	ILLUMINA	2020-02-27	SRR10954358	SRS6053233	SRP244103	GSM4279904	In vivo	Collected 24 h post-mock-inoculation	Skeletal muscle mock-infected tissue section	None (Mock-infected NHP skeletal muscle tissue)		public
RNA-Seq		75	PRJNA602750	SAMN13906939		GEO	fastq sra	gs s3	gs.US s3.us-east-1		SRX7620852	0	NextSeq 550	SINGLE	cDNA	TRANSCRIPTOMIC		2020-01-22	8864	3010	Macaca fascicularis	ILLUMINA	2020-02-27	SRR10954359	SRS6053234	SRP244103	GSM4279905	In vivo	Collected 24 h post-mock-inoculation	Skeletal muscle mock-infected tissue section	None (Mock-infected NHP skeletal muscle tissue)		public
RNA-Seq		75	PRJNA602750	SAMN13906938		GEO	fastq sra	gs s3	gs.US s3.us-east-1		SRX7620853	0	NextSeq 550	SINGLE	cDNA	TRANSCRIPTOMIC		2020-01-23	44799	15345	Macaca fascicularis	ILLUMINA	2020-02-27	SRR10954360	SRS6053235	SRP244103	GSM4279906	In vivo	Collected 24 h post-mock-inoculation	Combined skeletal muscle mock-infected tissue sections	None (Mock-infected NHP skeletal muscle tissue)		public
RNA-Seq		75	PRJNA602750	SAMN13906937		GEO	fastq sra	gs s3	gs.US s3.us-east-1		SRX7620854	0	NextSeq 550	SINGLE	cDNA	TRANSCRIPTOMIC		2020-01-23	49258	17314	Macaca fascicularis	ILLUMINA	2020-02-27	SRR10954361	SRS6053236	SRP244103	GSM4279907	In vivo	Collected 24 h post-mock-inoculation	Combined skeletal muscle mock-infected tissue sections	None (Mock-infected NHP skeletal muscle tissue)		public
RNA-Seq		75	PRJNA602750	SAMN13906935		GEO	fastq sra	gs s3	gs.US s3.us-east-1		SRX7620855	0	NextSeq 550	SINGLE	cDNA	TRANSCRIPTOMIC		2020-01-23	49646	17338	Macaca fascicularis	ILLUMINA	2020-02-27	SRR10954362	SRS6053237	SRP244103	GSM4279908	In vivo	Collected 24 h post-mock-inoculation	Combined skeletal muscle mock-infected tissue sections	None (Mock-infected NHP skeletal muscle tissue)		public
RNA-Seq		75	PRJNA602750	SAMN13906914		GEO	fastq sra	gs s3	gs.US s3.us-east-1		SRX7620856	0	NextSeq 500	SINGLE	cDNA	TRANSCRIPTOMIC		2020-01-22	808	290	Streptococcus pyogenes	ILLUMINA	2020-02-27	SRR10954363	SRS6053238	SRP244103	GSM4279909	In vitro	Mid-exponential (ME, OD600nm=0.5)	cell pellet	MGAS2221 dahA mutant		public
RNA-Seq		75	PRJNA602750	SAMN13906913		GEO	fastq sra	gs s3	gs.US s3.us-east-1		SRX7620857	0	NextSeq 500	SINGLE	cDNA	TRANSCRIPTOMIC		2020-01-22	639	229	Streptococcus pyogenes	ILLUMINA	2020-02-27	SRR10954364	SRS6053239	SRP244103	GSM4279910	In vitro	Early-stationary (ES, OD600nm=1.5)	cell pellet	MGAS2221 dahA mutant		public
RNA-Seq		75	PRJNA602750	SAMN13906912		GEO	fastq sra	gs s3	gs.US s3.us-east-1		SRX7620858	0	NextSeq 500	SINGLE	cDNA	TRANSCRIPTOMIC		2020-01-22	1340	475	Streptococcus pyogenes	ILLUMINA	2020-02-27	SRR10954365	SRS6053240	SRP244103	GSM4279911	In vitro	Mid-exponential (ME, OD600nm=0.5)	cell pellet	MGAS2221 dahA mutant		public
RNA-Seq		75	PRJNA602750	SAMN13906911		GEO	fastq sra	gs s3	gs.US s3.us-east-1		SRX7620859	0	NextSeq 500	SINGLE	cDNA	TRANSCRIPTOMIC		2020-01-22	644	231	Streptococcus pyogenes	ILLUMINA	2020-02-27	SRR10954366	SRS6053241	SRP244103	GSM4279912	In vitro	Early-stationary (ES, OD600nm=1.5)	cell pellet	MGAS2221 dahA mutant		public
RNA-Seq		75	PRJNA602750	SAMN13906910		GEO	fastq sra	gs s3	gs.US s3.us-east-1		SRX7620860	0	NextSeq 500	SINGLE	cDNA	TRANSCRIPTOMIC		2020-01-22	710	255	Streptococcus pyogenes	ILLUMINA	2020-02-27	SRR10954367	SRS6053242	SRP244103	GSM4279913	In vitro	Mid-exponential (ME, OD600nm=0.5)	cell pellet	MGAS2221 dahA mutant		public
RNA-Seq		75	PRJNA602750	SAMN13906909		GEO	fastq sra	gs s3	gs.US s3.us-east-1		SRX7620861	0	NextSeq 500	SINGLE	cDNA	TRANSCRIPTOMIC		2020-01-22	680	244	Streptococcus pyogenes	ILLUMINA	2020-02-27	SRR10954368	SRS6053243	SRP244103	GSM4279914	In vitro	Early-stationary (ES, OD600nm=1.5)	cell pellet	MGAS2221 dahA mutant		public
RNA-Seq		75	PRJNA602750	SAMN13906908		GEO	fastq sra	gs s3	gs.US s3.us-east-1		SRX7620862	0	NextSeq 500	SINGLE	cDNA	TRANSCRIPTOMIC		2020-01-22	608	219	Streptococcus pyogenes	ILLUMINA	2020-02-27	SRR10954369	SRS6053244	SRP244103	GSM4279915	In vitro	Mid-exponential (ME, OD600nm=0.5)	cell pellet	MGAS2221 (parental wild-type)		public
RNA-Seq		75	PRJNA602750	SAMN13906907		GEO	fastq sra	gs s3	gs.US s3.us-east-1		SRX7620863	0	NextSeq 500	SINGLE	cDNA	TRANSCRIPTOMIC		2020-01-22	830	298	Streptococcus pyogenes	ILLUMINA	2020-02-27	SRR10954370	SRS6053245	SRP244103	GSM4279916	In vitro	Early-stationary (ES, OD600nm=1.5)	cell pellet	MGAS2221 (parental wild-type)		public
RNA-Seq		75	PRJNA602750	SAMN13906906		GEO	fastq sra	gs s3	gs.US s3.us-east-1		SRX7620864	0	NextSeq 500	SINGLE	cDNA	TRANSCRIPTOMIC		2020-01-22	1114	395	Streptococcus pyogenes	ILLUMINA	2020-02-27	SRR10954371	SRS6053246	SRP244103	GSM4279917	In vitro	Mid-exponential (ME, OD600nm=0.5)	cell pellet	MGAS2221 (parental wild-type)		public
RNA-Seq		75	PRJNA602750	SAMN13906905		GEO	fastq sra	gs s3	gs.US s3.us-east-1		SRX7620865	0	NextSeq 500	SINGLE	cDNA	TRANSCRIPTOMIC		2020-01-22	718	258	Streptococcus pyogenes	ILLUMINA	2020-02-27	SRR10954372	SRS6053247	SRP244103	GSM4279918	In vitro	Early-stationary (ES, OD600nm=1.5)	cell pellet	MGAS2221 (parental wild-type)		public
RNA-Seq		75	PRJNA602750	SAMN13906904		GEO	fastq sra	gs s3	gs.US s3.us-east-1		SRX7620866	0	NextSeq 500	SINGLE	cDNA	TRANSCRIPTOMIC		2020-01-22	2571	945	Streptococcus pyogenes	ILLUMINA	2020-02-27	SRR10954373	SRS6053248	SRP244103	GSM4279919	In vitro	Mid-exponential (ME, OD600nm=0.5)	cell pellet	MGAS2221 (parental wild-type)		public
RNA-Seq		75	PRJNA602750	SAMN13906902		GEO	fastq sra	gs s3	gs.US s3.us-east-1		SRX7620867	0	NextSeq 500	SINGLE	cDNA	TRANSCRIPTOMIC		2020-01-22	1016	363	Streptococcus pyogenes	ILLUMINA	2020-02-27	SRR10954374	SRS6053249	SRP244103	GSM4279920	In vitro	Early-stationary (ES, OD600nm=1.5)	cell pellet	MGAS2221 (parental wild-type)		public
